A205_01	Soaz an Tieg	Soaz an Tieg	# swɑ:z ɑ̃n 'ti.ɛk #	1	1	0	session_2/recipes/SOAZ_AN_TIEG_-_01_KRAMPOUEZH_ED_DU.txt
A205_02	Krampouezh ed-du	Krampouezh ed-du	# 'krɑ̃m.pwez 'e.ty #	1	1	0	session_2/recipes/SOAZ_AN_TIEG_-_01_KRAMPOUEZH_ED_DU.txt
A205_03	Un hanter lur bleud ed-du	Un hanter lur bleud ed-du	# œn 'hɑ̃n.tɛr ly:r blød 'e.ty #	1	1	0	session_2/recipes/SOAZ_AN_TIEG_-_01_KRAMPOUEZH_ED_DU.txt
A205_04	Ur c'hartouron bleud gwinizh	Ur c'hartouron bleud gwinizh	# œr xar.'tu.rõn bløt 'gwi.nis #	1	1	0	session_2/recipes/SOAZ_AN_TIEG_-_01_KRAMPOUEZH_ED_DU.txt
A205_05	Un hanter litrad laezh	Un hanter litrad laezh	# œn 'hɑ̃n.tɛr 'li.trat lɛ:s #	1	1	0	session_2/recipes/SOAZ_AN_TIEG_-_01_KRAMPOUEZH_ED_DU.txt
A205_06	daou vi	2 vi	# dɔw vi #	1	1	0	session_2/recipes/SOAZ_AN_TIEG_-_01_KRAMPOUEZH_ED_DU.txt
A205_07	pemp gram holen	5 g holen	# pɛm grɑ̃m 'ho.lɛn #	1	1	0	session_2/recipes/SOAZ_AN_TIEG_-_01_KRAMPOUEZH_ED_DU.txt
A205_08-0	Meskañ an daou seurt bleud gant ar vioù hag al laezh . 	Meskañ an daou seurt bleud gant ar vioù hag al laezh. 	# 'me.skɑ̃ ɑ̃n dɔw sœrt bløt gɑ̃n ar 'vi.u ag al lɛ:s #	1	1	0	session_2/recipes/SOAZ_AN_TIEG_-_01_KRAMPOUEZH_ED_DU.txt
A205_08-1	Astenn ar bas gant ur banne dour pe sistr ken na vo tanav a-walc'h .	Astenn ar bas gant ur banne dour pe sistr ken na vo tanav a-walc'h.	# 'a.stɛn ar bas gɑ̃n œr 'bɑ̃.ne du:r pe sist ken na vo 'tɑ̃.no 'a.walx #	1	1	0	session_2/recipes/SOAZ_AN_TIEG_-_01_KRAMPOUEZH_ED_DU.txt
A205_09-0	Ledel ar bas gant ar rozell . Lezel da boazhañ div vunutenn war bep tu . 	Ledel ar bas gant ar rozell. Lezel da boazhañ div vunutenn war bep tu. 	# 'le.dɛl ar bas gɑ̃n ar 'ro.zɛl # 'le.zɛl dɑ 'bwɑ.zɑ̃ diw vy.'ny.tɛn war bep ty #	1	1	0	session_2/recipes/SOAZ_AN_TIEG_-_01_KRAMPOUEZH_ED_DU.txt
A205_09-1	Lakaat un tamm amann war ar grampouezhenn ha plegañ e pevar gant ar sklisenn .	Lakaat un tamm amann war ar grampouezhenn ha plegañ e pevar gant ar sklisenn.	# 'la.kɑd œn tɑ̃m 'a.mɑ̃n war ar grɑ̃m.'pwe.zɛn a 'pleg.ɑ̃ e 'pe.var gɑ̃n ar 'skli.sɛn #	1	1	0	session_2/recipes/SOAZ_AN_TIEG_-_01_KRAMPOUEZH_ED_DU.txt
A205_10	Gallout a reer lakaat war ar c'hrampouezh vioù pe gig-morzhed-moc'h .	Gallout a reer lakaat war ar c'hrampouezh vioù pe gig-morzhed-moc'h.	# 'ga.lud a 're.ɛr 'la.kɑt war ar 'xrɑ̃m.pwez 'vi.u pe gig.mɔr.'zed.mɔx #	1	1	0	session_2/recipes/SOAZ_AN_TIEG_-_01_KRAMPOUEZH_ED_DU.txt
A205_11	Sistr da heul .	Sistr da heul.	# sist dɑ hø:l #	1	1	0	session_2/recipes/SOAZ_AN_TIEG_-_01_KRAMPOUEZH_ED_DU.txt
A205_12	Bara-fourmaj war ar billig :	Bara-fourmaj war ar billig :	# ba.ra.'fur.maʃ war ar 'bi.lik #	1	1	0	session_2/recipes/SOAZ_AN_TIEG_-_02_BARA_FOURMAJ_WAR_AR_BILLIG.txt
A205_13	Kemerit evit pep den :	Kemerit evit pep den :	# ke.'me.rid 'e.vit pep de:n #	1	1	0	session_2/recipes/SOAZ_AN_TIEG_-_02_BARA_FOURMAJ_WAR_AR_BILLIG.txt
A205_14	unan pe div jelkenn gruyère	1 pe 2 jelkenn gruyère	# 'y.nɑ̃n pe diw 'ʒel.kɛn 'gryj.re #	1	1	0	session_2/recipes/SOAZ_AN_TIEG_-_02_BARA_FOURMAJ_WAR_AR_BILLIG.txt
A205_15	unan pe div jelkenn bara minvig	1 pe 2 jelkenn bara minvig	# 'y.nɑ̃n pe diw 'ʒel.kɛn 'bɑ.ra 'min.vik #	1	1	0	session_2/recipes/SOAZ_AN_TIEG_-_02_BARA_FOURMAJ_WAR_AR_BILLIG.txt
A205_16	ur c'hard gwerennad gwin gwenn sec'h	¼ gwerennad gwin gwenn sec'h	# œr xard gwe.'rɛ.nat gwi:n gwɛn sex #	1	1	0	session_2/recipes/SOAZ_AN_TIEG_-_02_BARA_FOURMAJ_WAR_AR_BILLIG.txt
A205_17	ugent gram amann	20 g amann	# 'yg.ɛn grɑ̃m 'a.mɑ̃n #	1	1	0	session_2/recipes/SOAZ_AN_TIEG_-_02_BARA_FOURMAJ_WAR_AR_BILLIG.txt
A205_18	Lakait da rouzañ en amann ar jelkennoù bara bet glebiet gant ar gwin gwenn .	Lakait da rouzañ en amann ar jelkennoù bara bet glebiet gant ar gwin gwenn.	# 'la.kajt dɑ 'ru.zɑ̃ en 'a.mɑ̃n ar ʒel.'kɛ.nu 'bɑ.ra bet 'gle.bjɛd gɑ̃n ar gwi:n gwɛn #	1	1	0	session_2/recipes/SOAZ_AN_TIEG_-_02_BARA_FOURMAJ_WAR_AR_BILLIG.txt
A205_19	Troit anezhe . Lakait war an tu bet rouzet ar jelkennoù fourmaj .	Troit anezhe. Lakait war an tu bet rouzet ar jelkennoù fourmaj.	# 'tro.id 'ɑ̃.nɛ # 'la.kajd war ɑ̃n ty bet 'ru.zɛd ar ʒel.'kɛ.nu 'fur.maʃ #	1	1	0	session_2/recipes/SOAZ_AN_TIEG_-_02_BARA_FOURMAJ_WAR_AR_BILLIG.txt
A205_20	Lezit da boazhañ ken na vo teuzet ar fourmaj .	Lezit da boazhañ ken na vo teuzet ar fourmaj.	# 'le.zit dɑ 'bwɑ.zɑ̃ ken na vo 'tø.zɛd ar 'fur.maʃ #	1	1	0	session_2/recipes/SOAZ_AN_TIEG_-_02_BARA_FOURMAJ_WAR_AR_BILLIG.txt
A205_21	Fars sac'h :	Fars sac'h :	# fars sax #	1	1	0	session_2/recipes/SOAZ_AN_TIEG_-_03_FARS_SAC_H.txt
A205_22	ul lur bleud ed-du	1 lur bleud ed-du	# œl ly:r blød 'e.ty #	1	1	0	session_2/recipes/SOAZ_AN_TIEG_-_03_FARS_SAC_H.txt
A205_23	un hanter litrad laezh	½ litrad laezh	# œn 'hɑ̃n.tɛr 'li.trat lɛ:s #	1	1	0	session_2/recipes/SOAZ_AN_TIEG_-_03_FARS_SAC_H.txt
A205_24	ur vi pe zoken daou	1 vi pe zoken 2	# œr vi pe 'zo.ken dɔw #	1	1	0	session_2/recipes/SOAZ_AN_TIEG_-_03_FARS_SAC_H.txt
A205_25	ur gontellad bloneg	1 gontellad bloneg	# œr gõn.'tɛ.lɑd 'blõ.nɛk #	1	1	0	session_2/recipes/SOAZ_AN_TIEG_-_03_FARS_SAC_H.txt
A205_26	un hanter tasad rezin sec'h pe bruneoz pe an daou	½ tasad rezin sec'h pe bruneoz pe an daou	# œn 'hɑ̃n.tɛr 'ta.sat 'rɛ.zin sex pe 'bry.nɛws pe ɑ̃n dɔw #	1	1	0	session_2/recipes/SOAZ_AN_TIEG_-_03_FARS_SAC_H.txt
A205_27	holen , kig-moc'h sall ha legumaj a bep seurt	holen, kig-moc'h sall ha legumaj a bep seurt	# 'ho.lɛn # 'kik.mox sal a leg.'y.maʒ a bep sœrt #	1	1	0	session_2/recipes/SOAZ_AN_TIEG_-_03_FARS_SAC_H.txt
A205_28-0	Meskit mat pep tra , bleud , laezh , vi , bloneg teuzet ha rezin … 	Meskit mat pep tra, bleud, laezh, vi, bloneg teuzet ha rezin… 	# 'me.skid mɑ:t pep trɑ: # bløt # lɛ:s # vi # 'blõ.nɛk 'tø.zɛt a 'rɛ.zin #	1	1	0	session_2/recipes/SOAZ_AN_TIEG_-_03_FARS_SAC_H.txt
A205_28-1	Er pod soubenn 'vo lakaet ar c'hig , hag al legumaj .	Er pod soubenn 'vo lakaet ar c'hig, hag al legumaj.	# er po:t vo 'la.kɛd ar xik # ag al leg.'y.maʃ #	1	1	0	session_2/recipes/SOAZ_AN_TIEG_-_03_FARS_SAC_H.txt
A205_29-0	Kemerit ur sac'h bihan lien tev a-walc'h , gant sikour unan bennak eus an ti . 	Kemerit ur sac'h bihan lien tev a-walc'h, gant sikour unan bennak eus an ti. 	# ke.'me.rid œr sax 'bi.ɑ̃n 'li.ɛn tew 'a.walx # gɑ̃n 'si.kur 'y.nɑ̃n 'bɛ.nag øz ɑ̃n ti: #	1	1	0	session_2/recipes/SOAZ_AN_TIEG_-_03_FARS_SAC_H.txt
A205_29-1	Serrit mat gant un neudenn dev . 	Serrit mat gant un neudenn dev. 	# 'sɛ.rid mɑ:t gɑ̃n œn 'nø.dɛn dɛw #	1	1	0	session_2/recipes/SOAZ_AN_TIEG_-_03_FARS_SAC_H.txt
A205_29-2	Lakait neuze er pod soubenn pa verv an dour . 	Lakait neuze er pod soubenn pa verv an dour. 	# 'la.kajd 'nø.ze er po:t 'su.bɛn pa vɛrw ɑ̃n du:r #	1	1	0	session_2/recipes/SOAZ_AN_TIEG_-_03_FARS_SAC_H.txt
A205_29-3	Lezit da boazhañ e-pad div eur vat .	Lezit da boazhañ e-pad div eur vat. 	# 'le.zit dɑ 'bwɑ.zɑ̃ 'e.pɑt diw œ:r vat #	1	1	0	session_2/recipes/SOAZ_AN_TIEG_-_03_FARS_SAC_H.txt
A205_30-0	Tennit ar sac'h er-maez da zistanañ . 	Tennit ar sac'h er-maez da zistanañ. 	# 'tɛ.nid ar sah 'er.mɛs dɑ zi.'stɑ̃.nɑ̃ #	1	1	0	session_2/recipes/SOAZ_AN_TIEG_-_03_FARS_SAC_H.txt
A205_30-1	Bruzhunit ar fars en ur dreiñ ar sac'h etre ho taouarn gant un torch war an daol .	Bruzhunit ar fars en ur dreiñ ar sac'h etre ho taouarn gant un torch war an daol. 	# bry.'zy.nid ar farz en œr drɛj ar sah 'e.tre o 'tɔ.warn gɑ̃n œn tɔrʃ war ɑ̃n dɔl #	1	1	0	session_2/recipes/SOAZ_AN_TIEG_-_03_FARS_SAC_H.txt
A205_31	Lakait war ur plad ha servijit , da heul , ar c'hig hag al legumaj .	Lakait war ur plad ha servijit, da heul, ar c'hig hag al legumaj.	# 'la.kajd war œr plɑ:t a sɛr.'vi.ʒit # dɑ hø:l # ar xig ag al leg.'y.maʃ #	1	1	0	session_2/recipes/SOAZ_AN_TIEG_-_03_FARS_SAC_H.txt
A205_32	Koaven buan ha buan :	Koaven buan ha buan :	# 'kwɑ.vɛn 'by.ɑ̃n a 'by.ɑ̃n #	1	1	0	session_2/recipes/SOAZ_AN_TIEG_-_04_KOAVEN_BUAN_HA_BUAN.txt
A205_33	un hanter litrad laezh	½ litrad laezh	# œn 'hɑ̃n.tɛr 'li.trat lɛ:s #	1	1	0	session_2/recipes/SOAZ_AN_TIEG_-_04_KOAVEN_BUAN_HA_BUAN.txt
A205_34	ur vi	1 vi	# œr vi #	1	1	0	session_2/recipes/SOAZ_AN_TIEG_-_04_KOAVEN_BUAN_HA_BUAN.txt
A205_35	ul loaiad bleud patatez pe maizena	1 loaiad bleud patatez pe maizena	# œl 'lwa.jat bløt pa.'ta.tɛs pe maj.'ze.na #	1	1	0	session_2/recipes/SOAZ_AN_TIEG_-_04_KOAVEN_BUAN_HA_BUAN.txt
A205_36	kant hanter kant gram sukr poultr	150 g sukr poultr	# kɑ̃n 'hɑ̃n.tɛr kɑ̃n grɑ̃m sykr pultr #	1	1	0	session_2/recipes/SOAZ_AN_TIEG_-_04_KOAVEN_BUAN_HA_BUAN.txt
A205_37-0	Meskañ ar bleud hag ar vi gant al laezh hag ar sukr . 	Meskañ ar bleud hag ar vi gant al laezh hag ar sukr. 	# 'me.skɑ̃ ar bløt ag ar vi gɑ̃n al lɛ:s ag ar sykr #	1	1	0	session_2/recipes/SOAZ_AN_TIEG_-_04_KOAVEN_BUAN_HA_BUAN.txt
A205_37-1	Lakaat war an tan ha meskañ hep ehan evit ma tevaio . 	Lakaat war an tan ha meskañ hep ehan evit ma tevaio. 	# 'la.kɑt war ɑ̃n tɑ̃:n a 'me.skɑ̃ heb 'e.ɑ̃n 'e.vit ma te.'va.jo #	1	1	0	session_2/recipes/SOAZ_AN_TIEG_-_04_KOAVEN_BUAN_HA_BUAN.txt
A205_37-2	Poazhañ e-pad pemp munutenn .	Poazhañ e-pad pemp munutenn.	# 'pwɑ.zɑ̃ 'e.pɑt pɛm my.'ny.tɛn #	1	1	0	session_2/recipes/SOAZ_AN_TIEG_-_04_KOAVEN_BUAN_HA_BUAN.txt
A205_38-0	Lakaat en ur plad gwer da yenañ . 	Lakaat en ur plad gwer da yenañ. 	# 'la.kɑd en œr plɑ:t gwe:r dɑ 'je.nɑ̃ #	1	1	0	session_2/recipes/SOAZ_AN_TIEG_-_04_KOAVEN_BUAN_HA_BUAN.txt
A205_38-1	Er c'hoaven-se e c'haller lakaat e-giz ma karer , esañs kafe , karamel , pe chokolad .	Er c'hoaven-se e c'haller lakaat e-giz ma karer, esañs kafe, karamel, pe chokolad.	# er 'xwa.ven.se e 'xa.lɛr 'la.kɑd 'eg.is ma 'kɑ.rɛr # 'e.sɑ̃s 'ka.fe # ka.'ra.mɛl # pe ʃo.'ko.lat #	1	1	0	session_2/recipes/SOAZ_AN_TIEG_-_04_KOAVEN_BUAN_HA_BUAN.txt
A205_39	Kig-moc'h rostet :	Kig-moc'h rostet :	# 'kik.mox 'rɔ.stɛt #	1	1	0	session_2/recipes/SOAZ_AN_TIEG_-_05_KIG_MOC_H_ROSTET.txt
A205_40	daou lur kig-moc'h	2 lur kig-moc'h	# dɔw ly:r 'kik.mox #	1	1	0	session_2/recipes/SOAZ_AN_TIEG_-_05_KIG_MOC_H_ROSTET.txt
A205_41	ul lur ognon	1 lur ognon	# œl ly:r 'oɲ.õn #	1	1	0	session_2/recipes/SOAZ_AN_TIEG_-_05_KIG_MOC_H_ROSTET.txt
A205_42	un hanter litrad laezh	½ litrad laezh	# œn 'hɑ̃n.tɛr 'li.trat lɛ:s #	1	1	0	session_2/recipes/SOAZ_AN_TIEG_-_05_KIG_MOC_H_ROSTET.txt
A205_43	ul lur hanter avaloù-douar	1 lur ½ avaloù-douar	# œl ly:r 'hɑ̃n.tɛr a.vɑ.lu.'du.ar #	1	1	0	session_2/recipes/SOAZ_AN_TIEG_-_05_KIG_MOC_H_ROSTET.txt
A205_44	ul loaiad bleud	1 loaiad bleud	# œl 'lwa.jat bløt #	1	1	0	session_2/recipes/SOAZ_AN_TIEG_-_05_KIG_MOC_H_ROSTET.txt
A205_45	tin , holen , pebr , moutard , amann	tin, holen, pebr, moutard, amann	# ti:n # 'ho.lɛn # pepr # 'mu.tart # 'a.mɑ̃n #	1	1	0	session_2/recipes/SOAZ_AN_TIEG_-_05_KIG_MOC_H_ROSTET.txt
A205_46-0	Da gentañ , meskañ mat an amann hag ar moutard . 	Da gentañ, meskañ mat an amann hag ar moutard. 	# dɑ 'gɛn.tɑ̃ # 'me.skɑ̃ mɑ:d ɑ̃n 'a.mɑ̃n ag ar 'mu.tart #	1	1	0	session_2/recipes/SOAZ_AN_TIEG_-_05_KIG_MOC_H_ROSTET.txt
A205_46-1	Ha neuze , lardañ ar c'hig gant ar meskaj-se . 	Ha neuze, lardañ ar c'hig gant ar meskaj-se. 	# a 'nø.ze # 'lar.dɑ̃ ar xig gɑ̃n ar 'me.skaʒ.se #	1	1	0	session_2/recipes/SOAZ_AN_TIEG_-_05_KIG_MOC_H_ROSTET.txt
A205_46-2	Kemer ur plad da vont e-barzh ar forn ha lakaat ar c'hig ennañ .	Kemer ur plad da vont e-barzh ar forn ha lakaat ar c'hig ennañ. 	# 'ke.mɛr œr plɑ:t dɑ võnd 'e.barz ar fɔrn a 'la.kɑd ar xig 'ɛ.nɑ̃ #	1	1	0	session_2/recipes/SOAZ_AN_TIEG_-_05_KIG_MOC_H_ROSTET.txt
A205_47-0	Tro-dro d'ar c'hig , e vo lakaet an avaloù-douar troc'het a dammoù tanav a-walc'h . 	Tro-dro d'ar c'hig, e vo lakaet an avaloù-douar troc'het a dammoù tanav a-walc'h. 	# 'tro.dro dar xik # e vo 'la.kɛd ɑ̃n a.vɑ.lu.'du.ar 'troh.ɛd a 'dɑ̃.mu 'tɑ̃.no 'a.walx #	1	1	0	session_2/recipes/SOAZ_AN_TIEG_-_05_KIG_MOC_H_ROSTET.txt
A205_47-1	Sallañ , ha pebrañ . 	Sallañ, ha pebrañ. 	# 'sa.lɑ̃ # a 'pe.brɑ̃ #	1	1	0	session_2/recipes/SOAZ_AN_TIEG_-_05_KIG_MOC_H_ROSTET.txt
A205_47-2	Lakaat ur werennad dour , an tin , hag un nebeut bihan a amann war an avaloù-douar .	Lakaat ur werennad dour, an tin, hag un nebeut bihan a amann war an avaloù-douar.	# 'la.kɑd œr we.'rɛ.nɑd du:r # ɑ̃n ti:n # ag œn 'ne.bøt 'bi.ɑ̃n a 'a.mɑ̃n war ɑ̃n a.vɑ.lu.'du.ar #	1	1	0	session_2/recipes/SOAZ_AN_TIEG_-_05_KIG_MOC_H_ROSTET.txt
A205_48-0	Peilhat an ognon , o foazhañ el laezh hag o flastrañ gant al vilin-legumaj . 	Peilhat an ognon, o foazhañ el laezh hag o flastrañ gant al vilin-legumaj. 	# 'pɛʎ.ad ɑ̃n 'oɲ.õn # o 'fwɑ.zɑ̃ el lɛ:s ag o 'fla.strɑ̃ gɑ̃n al vi.lin.leg.'y.maʃ #	1	1	0	session_2/recipes/SOAZ_AN_TIEG_-_05_KIG_MOC_H_ROSTET.txt
A205_48-1	Lakaat al laezh a chom diwarne en avaloù-douar .	 Lakaat al laezh a chom diwarne en avaloù-douar .	# 'la.kɑd al lɛ:z a ʃɔm di.'war.ne en a.vɑ.lu.'du.ar #	1	1	0	session_2/recipes/SOAZ_AN_TIEG_-_05_KIG_MOC_H_ROSTET.txt
A205_49-0	En ur billig lakaat amann da deuziñ , hag ober ur rouz gant ul loaiad vleud . 	En ur billig lakaat amann da deuziñ, hag ober ur rouz gant ul loaiad vleud. 	# en œr 'bi.lig 'la.kɑd 'a.mɑ̃n dɑ 'dø.zi # ag 'o.bɛr œr ru:s gɑ̃n œl 'lwa.jat vløt #	1	1	0	session_2/recipes/SOAZ_AN_TIEG_-_05_KIG_MOC_H_ROSTET.txt
A205_49-1	Lakaat an ognon e-barzh . Sallañ ha pebrañ .	Lakaat an ognon e-barzh. Sallañ ha pebrañ. 	# 'la.kɑd ɑ̃n 'oɲ.õn 'e.bars # 'sa.lɑ̃ a 'pe.brɑ̃ #	1	1	0	session_2/recipes/SOAZ_AN_TIEG_-_05_KIG_MOC_H_ROSTET.txt
A205_50	Poazh ar c'hig ganeoc'h , e vo troc'het ha servijet gant an avaloù-douar hag an ognon .	Poazh ar c'hig ganeoc'h, e vo troc'het ha servijet gant an avaloù-douar hag an ognon.	# pwɑ:z ar xig gɑ̃.'ne.ɔx # e vo 'troh.ɛt a sɛr.'vi.ʒɛd gɑ̃n ɑ̃n a.vɑ.lu.'du.ar ag ɑ̃n 'oɲ.õn #	1	1	0	session_2/recipes/SOAZ_AN_TIEG_-_05_KIG_MOC_H_ROSTET.txt
A205_51	Houad gant muskadig :	Houad gant muskadig :	# 'hu.at gɑ̃n my.'skɑ.dik #	1	1	0	session_2/recipes/SOAZ_AN_TIEG_-_06_HOUAD_GANT_MUSKADIG.txt
A205_52-0	Da brientiñ : tammoù kig-sall - chalotez - togoù-touseged - rezin - 	Da brientiñ : tammoù kig-sall – chalotez – togoù-touseged – rezin –	# dɑ bri.'ɛn.ti # 'tɑ̃.mu 'ki.ksal ʃa.'lo.tɛs tog.u.tu.'seg.ɛt 'rɛ.zin #	1	1	0	session_2/recipes/SOAZ_AN_TIEG_-_06_HOUAD_GANT_MUSKADIG.txt
A205_52-1	krampouezh sall - sitroñs - koaven fresk - ur werennad vras a vuskadig	 krampouezh sall – sitroñs – koaven fresk – ur werennad vras a vuskadig	# 'krɑ̃m.pwɛs sal 'si.trõs 'kwɑ.vɛn fresk œr we.'rɛ.nɑd vrɑz a vy.'skɑ.dik #	1	1	0	session_2/recipes/SOAZ_AN_TIEG_-_06_HOUAD_GANT_MUSKADIG.txt
A205_53-0	Troc'hañ an houad e tammoù . Lakaat an tammoù-se da boazhañ en amann er billig . 	Troc'hañ an houad e tammoù. Lakaat an tammoù-se da boazhañ en amann er billig. 	# 'troh.ɑ̃ ɑ̃n 'hu.ad e 'tɑ̃.mu # 'la.kɑd ɑ̃n 'tɑ̃.mu.se dɑ 'bwɑ.zɑ̃ en 'a.mɑ̃n er 'bi.lik #	1	1	0	session_2/recipes/SOAZ_AN_TIEG_-_06_HOUAD_GANT_MUSKADIG.txt
A205_53-1	Ur wech tost da vezañ poazh , tennañ an tammoù houad hag o lakaat a-gostez .	Ur wech tost da vezañ poazh, tennañ an tammoù houad hag o lakaat a-gostez. 	# œr weʃ tost dɑ 've.zɑ̃ pwɑ:s # 'tɛ.nɑ̃ ɑ̃n 'tɑ̃.mu 'hu.at ag o 'la.kɑd ag.'ɔ.stɛs #	1	1	0	session_2/recipes/SOAZ_AN_TIEG_-_06_HOUAD_GANT_MUSKADIG.txt
A205_54-0	Lakaat neuze chalotez da rouzañ er billig hag ivez an tammoù kig-sall gant ur werennad vras a vuskadig . 	Lakaat neuze chalotez da rouzañ er billig hag ivez an tammoù kig-sall gant ur werennad vras a vuskadig. 	# 'la.kɑt 'nø.ze ʃa.'lo.tɛs dɑ 'ru.zɑ̃ er 'bi.lig ag 'i.vez ɑ̃n 'tɑ̃.mu 'ki.ksal gɑ̃n œr we.'rɛ.nɑd vrɑz a vy.'skɑ.dik #	1	1	0	session_2/recipes/SOAZ_AN_TIEG_-_06_HOUAD_GANT_MUSKADIG.txt
A205_54-1	Lakaat ivez ar c'hoaven en hilienn-se .	Lakaat ivez ar c'hoaven en hilienn-se. 	# 'la.kɑd 'i.vez ar 'xwa.vɛn en 'hi.ljɛn.se #	1	1	0	session_2/recipes/SOAZ_AN_TIEG_-_06_HOUAD_GANT_MUSKADIG.txt
A205_55-0	Neuze 'vez adlakaet an tammoù houad da beurechuiñ da boazhañ er billig . 	Neuze 'vez adlakaet an tammoù houad da beurechuiñ da boazhañ er billig. 	# 'nø.ze vez a.'dlɑ.kɛd ɑ̃n 'tɑ̃.mu 'hu.at dɑ bœ.reʃ.'y.i dɑ 'bwɑ.zɑ̃ er 'bi.lik #	1	1	0	session_2/recipes/SOAZ_AN_TIEG_-_06_HOUAD_GANT_MUSKADIG.txt
A205_55-1	Arabat ankounac'haat ar pebr hag an holen .	Arabat ankounac'haat ar pebr hag an holen.	# a.'rɑ.bad ɑ̃ŋ.ku.'nax.ɑd ar pepr ag ɑ̃n 'ho.lɛn #	1	1	0	session_2/recipes/SOAZ_AN_TIEG_-_06_HOUAD_GANT_MUSKADIG.txt
A205_56-0	Gallout a reer servijiñ hervez ar c'houlz , gant piz-bihan pe gant kabelloù-touseg , 	Gallout a reer servijiñ hervez ar c'houlz, gant piz-bihan pe gant kabelloù-touseg, 	# 'ga.lud a 're.ɛr sɛr.'vi.ʒi 'hɛr.vɛz ar xuls # gɑ̃n piz.'bi.ɑ̃n pe gɑ̃n ka.bɛ.lu.'tu.sɛk #	1	1	0	session_2/recipes/SOAZ_AN_TIEG_-_06_HOUAD_GANT_MUSKADIG.txt
A205_56-1	poazhet en amann , gant un diveradenn sitroñs evit ma chomfent gwenn . 	poazhet en amann, gant un diveradenn sitroñs evit ma chomfent gwenn. 	# 'pwɑ.zɛd en 'a.mɑ̃n # gɑ̃n œn di.ve.'rɑ.dɛn 'si.trõz 'e.vit ma 'ʃõ.mfɛn gwɛn #	1	1	0	session_2/recipes/SOAZ_AN_TIEG_-_06_HOUAD_GANT_MUSKADIG.txt
A205_56-2	War un dro gant an houad , e c'heller reiñ rezin diblusket , ha war ar plad en-dro d'an houad , lakaat tammoù krampouezh sall .	War un dro gant an houad, e c'heller reiñ rezin diblusket, ha war ar plad en-dro d'an houad, lakaat tammoù krampouezh sall.	# war œn dro gɑ̃n ɑ̃n 'hu.at # e 'xɛ.lɛr rɛj 'rɛ.zin di.'bly.skɛt # a war ar plɑ:d 'en.dro dɑ̃n 'hu.at # 'la.kɑt 'tɑ̃.mu 'krɑ̃m.pwɛs sal #	1	1	0	session_2/recipes/SOAZ_AN_TIEG_-_06_HOUAD_GANT_MUSKADIG.txt
A205_57	War-dro mil nav c'hant eizh hag hanter-kant hepken , eo deuet an ijinadenn kegin-mañ da vezañ brudet .	War-dro 1958 hepken, eo deuet an ijinadenn kegin-mañ da vezañ brudet.	# 'war.dro mil naw xɑ̃nd ɛjs ag hɑ̃n.'tɛr.kɑ̃nt 'hep.ken # ɛw dø:d ɑ̃n i.ʒi.'nɑ.dɛn 'keg.in.mɑ̃ dɑ 've.zɑ̃ 'bry.dɛt #	1	1	0	session_2/recipes/SOAZ_AN_TIEG_-_06_HOUAD_GANT_MUSKADIG.txt
A205_58	Kig kog giz Pempoull :	Kig kog giz Pempoull :	# kik ko:k gi:s 'pɛm.pul #	1	1	0	session_2/recipes/SOAZ_AN_TIEG_-_07_KIG_KOG_GIZ_PEMPOULL.txt
A205_59	En deiz a-raok 'vo bet poazhet hariko gwenn ha miret an dour .	En deiz a-raok 'vo bet poazhet hariko gwenn ha miret an dour.	# en dɛjz vo bet 'pwɑ.zɛt ha.'ri.ko gwɛn a 'mi.rɛd ɑ̃n du:r #	1	1	0	session_2/recipes/SOAZ_AN_TIEG_-_07_KIG_KOG_GIZ_PEMPOULL.txt
A205_60-0	Lakaat en ur gastelodenn un tamm amann da rouzañ ar c'hog . Pa vo rouzet ar c'hog 'vo tennet er-maez . 	Lakaat en ur gastelodenn un tamm amann da rouzañ ar c'hog. Pa vo rouzet ar c'hog 'vo tennet er-maez. 	# 'la.kɑd en œr ga.ste.'lo.dɛn œn tɑ̃m 'a.mɑ̃n dɑ 'ru.zɑ̃ ar xok # pa vo 'ru.zɛd ar vo 'tɛ.nɛd 'er.mɛs #	1	1	0	session_2/recipes/SOAZ_AN_TIEG_-_07_KIG_KOG_GIZ_PEMPOULL.txt
A205_60-1	Neuze 'vo lakaet er gastelodenn ur werennad muskadig , hag an dour bet o poazhañ an hariko . 	Neuze 'vo lakaet er gastelodenn ur werennad muskadig, hag an dour bet o poazhañ an hariko. 	# 'nø.ze vo 'la.kɛd er ga.ste.'lo.dɛn œr we.'rɛ.nɑd my.'skɑ.dik # ag ɑ̃n du:r bed o 'pwɑ.zɑ̃ ɑ̃n ha.'ri.ko #	1	1	0	session_2/recipes/SOAZ_AN_TIEG_-_07_KIG_KOG_GIZ_PEMPOULL.txt
A205_60-2	Lakaat ouzhpenn karotez , irvin troc'het munut , 	Lakaat ouzhpenn karotez, irvin troc'het munut, 	# 'la.kɑd 'u.spɛn ka.'ro.tɛs # 'ir.vin 'troh.ɛd 'my.nyt #	1	1	0	session_2/recipes/SOAZ_AN_TIEG_-_07_KIG_KOG_GIZ_PEMPOULL.txt
A205_60-3	tin , persilh , lore , kignen , holen ha pebr . 	tin, persilh, lore, kignen, holen ha pebr. 	# ti:n # 'pɛr.siʎ # 'lo.re # 'kiɲ.ɛn # 'ho.lɛn a pepr #	1	1	0	session_2/recipes/SOAZ_AN_TIEG_-_07_KIG_KOG_GIZ_PEMPOULL.txt
A205_60-5	Lezel da boazhañ . 	Lezel da boazhañ. 	# 'le.zɛl dɑ 'bwɑ.zɑ̃ #	1	1	0	session_2/recipes/SOAZ_AN_TIEG_-_07_KIG_KOG_GIZ_PEMPOULL.txt
A205_60-6	Pa vez poazh al legumaj , lakaat en-dro ar c'hog er gastelodenn gant an hariko . 	Pa vez poazh al legumaj, lakaat en-dro ar c'hog er gastelodenn gant an hariko. 	# pa ve:s pwɑ:z al leg.'y.maʃ # 'la.kɑd 'en.dro ar xog er ga.ste.'lo.dɛn gɑ̃n ɑ̃n ha.'ri.ko #	1	1	0	session_2/recipes/SOAZ_AN_TIEG_-_07_KIG_KOG_GIZ_PEMPOULL.txt
A205_60-7	Goleiñ , ha lezel da boazhañ dousik .	Goleiñ, ha lezel da boazhañ dousik.	# 'go.lɛj # a 'le.zɛl dɑ 'bwɑ.zɑ̃ 'du.sik #	1	1	0	session_2/recipes/SOAZ_AN_TIEG_-_07_KIG_KOG_GIZ_PEMPOULL.txt
A205_61-0	E kostez Pempoull e vez lakaet kalz hariko gwenn ( Coco ) war-lerc'h ar patatez nevez . 	E kostez Pempoull e vez lakaet kalz hariko gwenn (Coco) war-lerc'h ar patatez nevez. 	# e 'ko.stɛs 'pɛm.pul e ve:s 'la.kɛt kals ha.'ri.ko gwɛn # 'ko.ko # 'war.lɛrh ar pa.'ta.tɛs 'ne.ves #	1	1	0	session_2/recipes/SOAZ_AN_TIEG_-_07_KIG_KOG_GIZ_PEMPOULL.txt
A205_61-1	Goude an eost e vez koñvers bras e Pempoull , 	Goude an eost e vez koñvers bras e Pempoull, 	# 'gu.de ɑ̃n ɛwsd e ve:s 'kõ.vɛrs brɑ:z e 'pɛm.pul #	1	1	0	session_2/recipes/SOAZ_AN_TIEG_-_07_KIG_KOG_GIZ_PEMPOULL.txt
A205_61-2	e Pleuveur , gant ar fav-se , a vez dastumet hanter sec'h , ha d'ar mare-se eo e vezont en o gwellañ .	e Pleuveur, gant ar fav-se, a vez dastumet hanter sec'h, ha d'ar mare-se eo e vezont en o gwellañ.	# e 'plø.vœr # gɑ̃n ar 'fav.se # a ve:s da.'sty.mɛt 'hɑ̃n.tɛr sex # a dar 'ma.re.se ɛw e 've.zõnd en o 'gwɛ.lɑ̃ #	1	1	0	session_2/recipes/SOAZ_AN_TIEG_-_07_KIG_KOG_GIZ_PEMPOULL.txt
A205_62	Keusteurenn lapin gant pruneoz :	Keusteurenn lapin gant pruneoz :	# kø.'stø.rɛn 'la.pin gɑ̃n 'pry.nɛws #	1	1	0	session_2/recipes/SOAZ_AN_TIEG_-_08_KEUSTEURENN_LAPIN_GANT_PRUNEOZ.txt
A205_63	ul lapin	1 lapin	# œl 'la.pin #	1	1	0	session_2/recipes/SOAZ_AN_TIEG_-_08_KEUSTEURENN_LAPIN_GANT_PRUNEOZ.txt
A205_64	ur werennad gwin ruz	1 werennad gwin ruz	# œr we.'rɛ.nɑd gwi:n ry:s #	1	1	0	session_2/recipes/SOAZ_AN_TIEG_-_08_KEUSTEURENN_LAPIN_GANT_PRUNEOZ.txt
A205_65	karotez , ognon , chalotez , tin , lore , persilh	karotez, ognon, chalotez, tin, lore, persilh	# ka.'ro.tɛs # 'oɲ.õn # ʃa.'lo.tɛs # ti:n # 'lo.re # 'pɛr.siʎ #	1	1	0	session_2/recipes/SOAZ_AN_TIEG_-_08_KEUSTEURENN_LAPIN_GANT_PRUNEOZ.txt
A205_66	pruneoz kement ha ma karer	pruneoz kement ha ma karer	# 'pry.nɛws 'ke.mɛnt a ma 'kɑ.rɛr #	1	1	0	session_2/recipes/SOAZ_AN_TIEG_-_08_KEUSTEURENN_LAPIN_GANT_PRUNEOZ.txt
A205_67	un tamm amann	un tamm amann	# œn tɑ̃m 'a.mɑ̃n #	1	1	0	session_2/recipes/SOAZ_AN_TIEG_-_08_KEUSTEURENN_LAPIN_GANT_PRUNEOZ.txt
A205_68-0	Ober tammoù gant al lapin . 	Ober tammoù gant al lapin. 	# 'o.bɛr 'tɑ̃.mu gɑ̃n al 'la.pin #	1	1	0	session_2/recipes/SOAZ_AN_TIEG_-_08_KEUSTEURENN_LAPIN_GANT_PRUNEOZ.txt
A205_68-1	Rouzañ an tammoù kig-se en amann . 	Rouzañ an tammoù kig-se en amann. 	# 'ru.zɑ̃ ɑ̃n 'tɑ̃.mu 'kig.se en 'a.mɑ̃n #	1	1	0	session_2/recipes/SOAZ_AN_TIEG_-_08_KEUSTEURENN_LAPIN_GANT_PRUNEOZ.txt
A205_68-2	Ober ur rouz gant bleud ha dour ( gwelloc'h eo bouilhoñs ) . 	Ober ur rouz gant bleud ha dour (gwelloc'h eo bouilhoñs). 	# 'o.bɛr œr ru:s gɑ̃n bløt a du:r # 'gwɛ.lɔh ɛw 'buʎ.õns #	1	1	0	session_2/recipes/SOAZ_AN_TIEG_-_08_KEUSTEURENN_LAPIN_GANT_PRUNEOZ.txt
A205_68-3	Holen , pebr , gwin hag an traoù all .	Holen, pebr, gwin hag an traoù all.	# 'ho.lɛn # pepr # gwi:n ag ɑ̃n trɔw al #	1	1	0	session_2/recipes/SOAZ_AN_TIEG_-_08_KEUSTEURENN_LAPIN_GANT_PRUNEOZ.txt
A205_69	Poazhañ goustad . Un hantereur a-raok servijiñ , lakaat ar pruneoz er pod .	Poazhañ goustad. Un hantereur a-raok servijiñ, lakaat ar pruneoz er pod.	# 'pwɑ.zɑ̃ 'gu.stat # œn hɑ̃n.'tɛ.rœr 'a.rɔk sɛr.'vi.ʒi # 'la.kɑd ar 'pry.nɛwz er po:t #	1	1	0	session_2/recipes/SOAZ_AN_TIEG_-_08_KEUSTEURENN_LAPIN_GANT_PRUNEOZ.txt
A205_70	Servijiñ tomm gant avaloù-douar da heul .	Servijiñ tomm gant avaloù-douar da heul.	# sɛr.'vi.ʒi tɔm gɑ̃n a.vɑ.lu.'du.ar dɑ hø:l #	1	1	0	session_2/recipes/SOAZ_AN_TIEG_-_08_KEUSTEURENN_LAPIN_GANT_PRUNEOZ.txt
A205_71	E-lec'h gwin , keginerezed zo a laka sistr pe gwin-ardant .	E-lec'h gwin, keginerezed zo a laka sistr pe gwin-ardant.	# 'e.lɛx gwi:n # keg.i.ne.'re.zɛt zo a 'la.ka sist pe gwi.'nar.dɑ̃nt #	1	1	0	session_2/recipes/SOAZ_AN_TIEG_-_08_KEUSTEURENN_LAPIN_GANT_PRUNEOZ.txt
A205_72	Saladen amerikan :	Saladen amerikan :	# sa.'lɑ.dɛn ɑ̃.me.'ri.kɑ̃n #	1	1	0	session_2/recipes/SOAZ_AN_TIEG_-_09_SALADEN_AMERIKAN.txt
A205_73	Graet e vez ar saladen souezhus-se evel-henn :	Graet e vez ar saladen souezhus-se evel-henn :	# grɛ:d e ve:z ar sa.'lɑ.dɛn 'swe.zys.se e.'vɛ.lɛn #	1	1	0	session_2/recipes/SOAZ_AN_TIEG_-_09_SALADEN_AMERIKAN.txt
A205_74	ur pikol letuzenn	1 pikol letuzenn	# œr 'pi.kɔl le.'ty.zɛn #	1	1	0	session_2/recipes/SOAZ_AN_TIEG_-_09_SALADEN_AMERIKAN.txt
A205_75	daou bikol aval Kanada	2 bikol aval Kanada	# dɔw 'bi.kol 'ɑ.val ka.'nɑ.da #	1	1	0	session_2/recipes/SOAZ_AN_TIEG_-_09_SALADEN_AMERIKAN.txt
A205_76	teir bananezenn	3 bananezenn	# tɛjr ba.na.'ne.zɛn #	1	1	0	session_2/recipes/SOAZ_AN_TIEG_-_09_SALADEN_AMERIKAN.txt
A205_77	un hanter aval orañjez	½ aval orañjez	# ɑ̃n 'hɑ̃n.tɛr 'ɑ.val o.'rɑ̃.ʒɛs #	1	1	0	session_2/recipes/SOAZ_AN_TIEG_-_09_SALADEN_AMERIKAN.txt
A205_78	un hanter grape-fruit , pamplemous , pomelo	½ grape-fruit, pamplemous, pomelo	# ɑ̃n 'hɑ̃n.tɛr grɑ.'pef.rɥit # pɑ̃m.'ple.mus # põ.'me.lo #	1	1	0	session_2/recipes/SOAZ_AN_TIEG_-_09_SALADEN_AMERIKAN.txt
A205_79	kement ha ma karer a graoñ	kement ha ma karer a graoñ	# 'ke.mɛnt a ma 'kɑ.rɛr a grɑ̃w #	1	1	0	session_2/recipes/SOAZ_AN_TIEG_-_09_SALADEN_AMERIKAN.txt
A205_80	pep tra troc'het a dammoù .	pep tra troc'het a dammoù.	# pep trɑ: 'troh.ɛd a 'dɑ̃.mu #	1	1	0	session_2/recipes/SOAZ_AN_TIEG_-_09_SALADEN_AMERIKAN.txt
A205_81	Temzit gant hilienn maionêz . Mat-tre eo .	Temzit gant hilienn maionêz. Mat-tre eo.	# 'tɛm.zid gɑ̃n hi.'li.ɛn ma.'jõ.nɛs # 'mat.tre ɛw #	1	1	0	session_2/recipes/SOAZ_AN_TIEG_-_09_SALADEN_AMERIKAN.txt
A205_82	Saladen giz Rosko :	Saladen giz Rosko :	# sa.'lɑ.dɛn gi:s 'ro.sko #	1	1	0	session_2/recipes/SOAZ_AN_TIEG_-_10_SALADEN_GIZ_ROSKO.txt
A205_83-0	Graet e vez en ur veskañ kaol-fleur , avaloù-douar , 	Graet e vez en ur veskañ kaol-fleur, avaloù-douar, 	# grɛ:d e ve:z en œr 've.skɑ̃ 'kɔl.flør # a.vɑ.lu.'du.ar #	1	1	0	session_2/recipes/SOAZ_AN_TIEG_-_10_SALADEN_GIZ_ROSKO.txt
A205_83-1	konkombrez ha foñsoù artichaod , bet poazhet en a-raok . 	konkombrez ha foñsoù artichaod bet poazhet en a-raok. 	# kõŋ.'kõm.brɛs a 'fõ.su ar.'tiʃ.ɔt # bet 'pwɑ.zɛd en 'a.rɔk #	1	1	0	session_2/recipes/SOAZ_AN_TIEG_-_10_SALADEN_GIZ_ROSKO.txt
A205_83-2	Lakaat war ur plad an tammoù legumaj , ha skuilh warne eoul , 	gwinegr, holen, pebr, chalotez, ognon...	# 'la.kɑt war œr plɑ:d ɑ̃n 'tɑ̃.mu leg.'y.maʃ # a skyʎ 'war.ne ewl #	1	1	0	session_2/recipes/SOAZ_AN_TIEG_-_10_SALADEN_GIZ_ROSKO.txt
A205_83-3	gwinegr , holen , pebr , chalotez , ognon .	 Lakaat war ur plad an tammoù legumaj ha skuilh warne eoul, 	# 'gwi.nɛgr # 'ho.lɛn # pepr # ʃa.'lo.tɛs # 'oɲ.õn #	1	1	0	session_2/recipes/SOAZ_AN_TIEG_-_10_SALADEN_GIZ_ROSKO.txt
A205_84	Toned mod Konk :	Toned mod Konk :	# 'tõ.nɛd mo:t kõŋk #	1	1	0	session_2/recipes/SOAZ_AN_TIEG_-_11_TONED_MOD_KONK.txt
A205_85-0	Ur jelkennad toned eus kreiz ar pesk - daou lur garotez - pemp ognonenn - 	Ur jelkennad toned eus kreiz ar pesk – 2 lur garotez – 5 ognonenn – 	# œr ʒɛl.'kɛ.nat 'tõ.nɛd øs krɛjz ar pesk dɔw ly:r ga.'ro.tɛs pɛmb oɲ.'õ.nɛn #	1	1	0	session_2/recipes/SOAZ_AN_TIEG_-_11_TONED_MOD_KONK.txt
A205_85-1	ul lur hanter tomatez - chalotez - kignen - pebr - holen - geotennoù e-leizh : 	1 lur ½ tomatez – chalotez – kignen – pebr – holen – geotennoù e-leizh : 	# œl ly:r 'hɑ̃n.tɛr to.'ma.tɛs ʃa.'lo.tɛs 'kiɲ.ɛn pepr 'ho.lɛn gɛw.'tɛ.nu 'e.lɛjs #	1	1	0	session_2/recipes/SOAZ_AN_TIEG_-_11_TONED_MOD_KONK.txt
A205_85-2	lore , tin , persilh , sif , romarin , stragon .	lore, tin, persilh, sif, romarin, stragon.	# 'lo.re # ti:n # 'pɛr.siʎ # sif # rõ.'mɑ.rin # 'strɑg.õn #	1	1	0	session_2/recipes/SOAZ_AN_TIEG_-_11_TONED_MOD_KONK.txt
A205_86-0	En ur gaoter , rouzit an ton en amann fresk . 	En ur gaoter, rouzit an ton en amann fresk. 	# en œr 'gɔ.tɛr # 'ru.zid ɑ̃n tõ:n en 'a.mɑ̃n fresk #	1	1	0	session_2/recipes/SOAZ_AN_TIEG_-_11_TONED_MOD_KONK.txt
A205_86-1	Lakait an holl legumaj troc'het a dammoù tro-dro . 	Lakait an holl legumaj troc'het a dammoù tro-dro. 	# 'la.kajd ɑ̃n ɔl leg.'y.maʃ 'troh.ɛd a 'dɑ̃.mu 'tro.dro #	1	1	0	session_2/recipes/SOAZ_AN_TIEG_-_11_TONED_MOD_KONK.txt
A205_86-2	Goleiñ ar gaoter . Izelait an tan . 	Goleiñ ar gaoter. Izelait an tan. 	# 'go.lɛj ar 'gɔ.tɛr # i.'ze.lajd ɑ̃n tɑ̃:n #	1	1	0	session_2/recipes/SOAZ_AN_TIEG_-_11_TONED_MOD_KONK.txt
A205_86-3	Goude un hantereur , taolit gwin gwenn muskadig warno . 	Goude un hantereur, taolit gwin gwenn muskadig warno. 	# 'gu.de œn hɑ̃n.'tɛ.rœr # 'tɔ.lid gwi:n gwɛn my.'skɑ.dik 'war.no #	1	1	0	session_2/recipes/SOAZ_AN_TIEG_-_11_TONED_MOD_KONK.txt
A205_86-4	Un hantereur da boazhañ sioul ha pemp munut a-raok servijiñ , lakait e-barzh un tammig amann .	Un hantereur da boazhañ sioul ha pemp munut a-raok servijiñ, lakait e-barzh un tammig amann.	# œn hɑ̃n.'tɛ.rœr dɑ 'bwɑ.zɑ̃ siwl a pɛm 'my.nyd 'a.rɔk sɛr.'vi.ʒi # 'la.kajd 'e.barz œn 'tɑ̃.mig 'a.mɑ̃n #	1	1	0	session_2/recipes/SOAZ_AN_TIEG_-_11_TONED_MOD_KONK.txt
A205_87-0	Evit servijiñ , lakait an ton e-kreiz ar plad , al legumaj tro-dro . 	Evit servijiñ, lakait an ton e-kreiz ar plad, al legumaj tro-dro. 	# 'e.vit sɛr.'vi.ʒi # 'la.kajd ɑ̃n tõ:n 'e.krɛjz ar plɑ:t # al leg.'y.maʃ 'tro.dro #	1	1	0	session_2/recipes/SOAZ_AN_TIEG_-_11_TONED_MOD_KONK.txt
A205_87-1	Avaloù-douar diblusket bet poazhet en dour da heul .	Avaloù-douar diblusket bet poazhet en dour da heul.	# a.vɑ.lu.'du.ar di.'bly.skɛd bet 'pwɑ.zɛd en du:r dɑ hø:l #	1	1	0	session_2/recipes/SOAZ_AN_TIEG_-_11_TONED_MOD_KONK.txt
A205_88	Diwallit da dapout droug stomok dre forzh bezañ marlonk !	Diwallit da dapout droug stomok dre forzh bezañ marlonk !	# di.'wa.lit dɑ 'da.put druk 'stõ.mɔg dre fɔrs 'be.zɑ̃ 'mar.lõŋk #	1	1	0	session_2/recipes/SOAZ_AN_TIEG_-_11_TONED_MOD_KONK.txt
