P204_01-00	Ronan Huon	RONAN HUON	# 'ro.nɑ̃n 'y.õn #	1	0	0	01_poems_-_SPONT.txt
P204_01-01	Spont	SPONT	# spõnt #	1	0	0	01_poems_-_SPONT.txt
P204_01-02	Aon am eus , aon ac'h eus , aon en deus , aon o deus .	Aon am eus, aon ac’h eus, aon en deus, aon o deus...	# ɑ̃wn ɑ̃m øs # ɑ̃wn ah øs # ɑ̃wn en døs # ɑ̃wn o døs #	1	0	0	01_poems_-_SPONT.txt
P204_01-03	Aon o deus holl .	Aon o deus holl.	# ɑ̃wn o døs ɔl #	1	0	0	01_poems_-_SPONT.txt
P204_01-04	Ar verb a-bezh a dremeno .	Ar verb a-bezh a dremeno.	# ar vɛrp 'a.bez a dre.'me.no #	1	0	0	01_poems_-_SPONT.txt
P204_01-05	Erru omp e kantved ar spont .	Erru omp e kantved ar spont.	# 'ɛ.ry õb e 'kɑ̃n.ved ar spõnt #	1	0	0	01_poems_-_SPONT.txt
P204_01-06	Pa zigor an nor e red ur gridienn en aer	Pa zigor an nor e red ur gridienn en aer	# pa 'zig.ɔr ɑ̃n no:r e re:d œr gri.'di.ɛn en ɛ:r #	1	0	0	01_poems_-_SPONT.txt
P204_01-07	Pa ruz un dorn ouzh ar voger er-maez ,	Pa ruz un dorn ouzh ar voger er-maez,	# pa ry:z œn dɔrn uz ar 'vog.ɛr 'er.mɛs #	1	0	0	01_poems_-_SPONT.txt
P204_01-08	en em c'houlomp petra eo .	en em c’houlomp petra eo.	# en ɛm 'xu.lõm 'pe.tra ɛw #	1	0	0	01_poems_-_SPONT.txt
P204_01-09	Ar gwez a gren a-hed va hent .	Ar gwez a gren a-hed va hent.	# ar gwe:z a gre:n 'ah.et va hɛnt #	1	0	0	01_poems_-_SPONT.txt
P204_01-10	N'eus ket an disterañ aezenn .	N’eus ket an disterañ aezenn.	# nøs ked ɑ̃n di.'ste.rɑ̃ 'ɛ.zɛn #	1	0	0	01_poems_-_SPONT.txt
P204_01-11	Dremm an tiez nevez a zo gwenn gant ar spont	Dremm an tiez nevez a zo gwenn gant ar spont	# drɛm ɑ̃n 'ti.ɛs 'ne.vez a zo gwɛn gɑ̃n ar spõnt #	1	0	0	01_poems_-_SPONT.txt
P204_01-12	ha n'int ket holl savet c'hoazh en-dro .	ha n’int ket holl savet c’hoazh en-dro.	# a nin ket ɔl 'sɑ.vɛt xwaz 'en.dro #	1	0	0	01_poems_-_SPONT.txt
P204_01-13	Krog int da adober tour ar gar .	Krog int da adober tour ar gar.	# kro:g in dɑ a.'do.bɛr tu:r ar ga:r #	1	0	0	01_poems_-_SPONT.txt
P204_01-14	Chafodoù e pep lec'h ,	Chafodoù e pep lec’h,	# ʃa.'fo.du e pep lɛx #	1	0	0	01_poems_-_SPONT.txt
P204_01-15	aon o deus e kouezhfent war o fenn , an dremenidi ,	aon o deus e kouezhfent war o fenn, an dremenidi,	# ɑ̃wn o døz e 'kwɛ.sfɛn war o fɛn # ɑ̃n dre.me.'ni.di #	1	0	0	01_poems_-_SPONT.txt
P204_01-16	aon o deus e kouezhfe o fenn ,	aon o deus e kouezhfe o fenn,	# ɑ̃wn o døz e 'kwɛ.sfe o fɛn #	1	0	0	01_poems_-_SPONT.txt
P204_01-17	war ar pavez ,	war ar pavez,	# war ar 'pɑ.vɛs #	1	0	0	01_poems_-_SPONT.txt
P204_01-18	hag e ruilhfe 'lec'h ma ruilh karr an ispisour , 	hag e ruilhfe ‘lec’h ma ruilh karr an ispisour,	# ag e lɛx ma ryʎ kar ɑ̃n i.'spi.sur #	1	0	0	01_poems_-_SPONT.txt
P204_01-19	'vel ur voull , 'vel ur voull , 'vel ur voull .	‘vel ur voull, ‘vel ur voull, ‘vel ur voull.	# vel œr vul # vel œr vul # vel œr vul #	1	0	0	01_poems_-_SPONT.txt
P204_01-20	Brest , mil nav c'hant unan ha hanter kant	Brest, 1951	# brest # mil naw xɑ̃nd 'y.nɑ̃n a 'hɑ̃n.tɛr kɑ̃nt #	1	0	0	01_poems_-_SPONT.txt
P204_02-00	Ronan Huon	﻿RONAN HUON	# 'ro.nɑ̃n 'y.õn #	1	0	0	02_poems_-_GOUESTL.txt
P204_02-01	Gouestl	GOUESTL	# gwestl #	1	0	0	02_poems_-_GOUESTL.txt
P204_02-02	Ar re o deus kredet en ur bed gwelloc'h ,	Ar re o deus kredet en ur bed gwelloc’h,	# ar re: o døs 'kre.dɛd en œr be:t 'gwɛ.lɔx #	1	0	0	02_poems_-_GOUESTL.txt
P204_02-03	ar re o deus stourmet leun a spi ,	ar re o deus stourmet leun a spi,	# ar re: o døs 'stur.mɛd lø:n a spi: #	1	0	0	02_poems_-_GOUESTL.txt
P204_02-04	stourmet e gouloù an heol ,	stourmet e gouloù an heol,	# 'stur.mɛd e 'gu.lu ɑ̃n hɛwl #	1	0	0	02_poems_-_GOUESTL.txt
P204_02-05	pep tra o vont war-raok ,	pep tra o vont war-raok,	# pep trɑ: o võn 'war.rɔk #	1	0	0	02_poems_-_GOUESTL.txt
P204_02-06	o saludiñ a ran .	o saludiñ a ran.	# o sa.'ly.di a rɑ̃:n #	1	0	0	02_poems_-_GOUESTL.txt
P204_02-07	Ar re o deus kredet c'hoazh , pa droe pep tra da fall , 	Ar re o deus kredet c’hoazh, pa droe pep tra da fall,	# ar re: o døs 'kre.dɛt xwas # pa 'dro.e pep trɑ: dɑ fal #	1	0	0	02_poems_-_GOUESTL.txt
P204_02-08	pa gouezhent unan hag unan , war zismantroù gwadek o esperañsoù , 	pa gouezhent unan hag unan, war zismantroù gwadek o esperañsoù,	# pa 'gwe.zɛnd 'y.nɑ̃n ag 'y.nɑ̃n # war ziz.'mɑ̃n.tru 'gwɑ.dɛg o e.spe.'rɑ̃.su #	1	0	0	02_poems_-_GOUESTL.txt
P204_02-09	ouzh trouz ar c'hornioù boud ,	ouzh trouz ar c’hornioù boud,	# us tru:z ar 'xɔr.nju bu:t #	1	0	0	02_poems_-_GOUESTL.txt
P204_02-10	en ifern an tiez o tivogediñ	en ifern an tiez o tivogediñ	# en 'i.fɛrn ɑ̃n 'ti.ɛz o ti.'vog.edj #	1	0	0	02_poems_-_GOUESTL.txt
P204_02-11	o esperañsoù o tivogediñ	o esperañsoù o tivogediñ	# o e.spe.'rɑ̃.su o ti.'vog.edj #	1	0	0	02_poems_-_GOUESTL.txt
P204_02-12	o enoriñ a ran .	o enoriñ a ran.	# o e.'no.ri a rɑ̃:n #	1	0	0	02_poems_-_GOUESTL.txt
P204_02-13	Ar re a zo bet lakaet er bac'hioù	Ar re a zo bet lakaet er bac’hioù	# ar re: a zo bet 'la.kɛd er 'bah.ju #	1	0	0	02_poems_-_GOUESTL.txt
P204_02-14	dre m'o deus kredet re daer	dre m’o deus kredet re daer	# dre mo døs 'kre.dɛt re: dɛ:r #	1	0	0	02_poems_-_GOUESTL.txt
P204_02-15	pe re bell .	pe re bell.	# pe re: bɛl #	1	0	0	02_poems_-_GOUESTL.txt
P204_02-16	Ar re o doa kredet er pezh a oa ,	Ar re o doa kredet er pezh a oa,	# ar re: o dwa 'kre.dɛd er pe:z a wa #	1	0	0	02_poems_-_GOUESTL.txt
P204_02-17	hag a zo arabat krediñ ennañ a-wel d'an dud-bugale ,	hag a zo arabat krediñ ennañ a-wel d’an dud-bugale,	# ag a zo a.'rɑ.bat 'kre.di 'ɛ.nɑ̃ 'a.wel dɑ̃n dyd.byg.'ɑ.le #	1	0	0	02_poems_-_GOUESTL.txt
P204_02-18	hag a zo bet argaset .	hag a zo bet argaset.	# ag a zo bed arg.'ɑ.sɛt #	1	0	0	02_poems_-_GOUESTL.txt
P204_02-19	Ar re o deus kendalc'het da grediñ	Ar re o deus kendalc’het da grediñ	# ar re: o døs kɛn.'dalx.ɛt dɑ 'gre.di #	1	0	0	02_poems_-_GOUESTL.txt
P204_02-20	goude an holl draoù-se	goude an holl draoù-se	# 'gu.de ɑ̃n ɔl 'dra.u.se #	1	0	0	02_poems_-_GOUESTL.txt
P204_02-21	o c'hevarc'hiñ a ran .	o c’hevarc’hiñ a ran.	# o xe.'varx.i a rɑ̃:n #	1	0	0	02_poems_-_GOUESTL.txt
P204_02-22	Ar re o deus kredet er frankiz ,	Ar re o deus kredet er frankiz,	# ar re: o døs 'kre.dɛd er 'frɑ̃ŋ.kis #	1	0	0	02_poems_-_GOUESTL.txt
P204_02-23	kredet er Gened , er wirionez kredet en o breudeur kredet ennomp pa ne oamp ket , 	kredet er Gened, er wirionez kredet en o breudeur kredet ennomp pa ne oamp ket, 	# 'kre.dɛd er 'ge.nɛt # er wir.'jõ.nɛs 'kre.dɛd en o 'brø.dœr 'kre.dɛd 'ɛ.nõm pa ne wɑ̃m ket #	1	0	0	02_poems_-_GOUESTL.txt
P204_02-24	me garfe bezañ eus ar re-se .	me garfe bezañ eus ar re-se.	# me: 'gar.fe 'be.zɑ̃ øz ar 're.se #	1	0	0	02_poems_-_GOUESTL.txt
P204_02-25	Ha bremañ ni zo aze , bugale ,	Ha bremañ ni zo aze, bugale,	# a 'bre.mɑ̃ ni: zo 'ɑ.ze # byg.'ɑ.le #	1	0	0	02_poems_-_GOUESTL.txt
P204_02-26	e tren ar bed-o-vont ,	e tren ar bed-o-vont,	# e trɛn ar be.'do.võnt #	1	0	0	02_poems_-_GOUESTL.txt
P204_02-27	e safar ar c'hunujennoù ruz	e safar ar c’hunujennoù ruz	# e 'sa.far ar xy.ny.'ʒɛ.nu ry:s #	1	0	0	02_poems_-_GOUESTL.txt
P204_02-28	hag ar c'hoarzhoù glas , e safar an disfiziañs 	hag ar c’hoarzhoù glas, e safar an disfiziañs 	# ag ar 'xwar.zu glɑ:s # e 'sa.far ɑ̃n di.'sfi.zjɑ̃s #	1	0	0	02_poems_-_GOUESTL.txt
P204_02-29	an dismegañs , ar gasoni ;	an dismegañs, ar gasoni ;	# ɑ̃n diz.'meg.ɑ̃s # ar 'ga.sõnj #	1	0	0	02_poems_-_GOUESTL.txt
P204_02-30	ha n'ouzomp ket war be du treiñ	ha n’ouzomp ket war be du treiñ	# a 'nu.sõm ket war be: dy trɛj #	1	0	0	02_poems_-_GOUESTL.txt
P204_02-31	– a-wechoù – hon unan , en arne c'hwerv an dud , 	– a-wechoù – hon unan, en arne c’hwerv an dud, 	# a.'weʃ.u õn 'y.nɑ̃n # en 'ar.ne 'xwɛ.ro ɑ̃n dyt #	1	0	0	02_poems_-_GOUESTL.txt
P204_02-32	evel ma'z oc'h bet gwechall	evel ma’z oc’h bet gwechall	# 'e.vɛl maz ɔx bet 'gweʃ.al #	1	0	0	02_poems_-_GOUESTL.txt
P204_02-33	Galileed dianzavet .	Galileed dianzavet.	# ga.li.'le.ɛd djɑ̃n.'za.vet #	1	0	0	02_poems_-_GOUESTL.txt
P204_02-34	Ni ra ar gouestl	Ni ra ar gouestl	# ni: ra ar gwestl #	1	0	0	02_poems_-_GOUESTL.txt
P204_02-35	dirak an oabl , hor mor , hor sent ,	dirak an oabl, hor mor, hor sent,	# 'di.rag ɑ̃n wapl # ɔr mo:r # ɔr sɛnt #	1	0	0	02_poems_-_GOUESTL.txt
P204_02-36	An Tad Eternel , an dud digred da vezañ kadarn ha da genderc’hel 	An Tad Eternel, an dud digred da vezañ kadarn ha da genderc’hel 	# ɑ̃n tɑ:d e.'tɛr.nɛl # ɑ̃n dyd 'dig.ret dɑ 've.zɑ̃ 'kɑ.darn a dɑ gɛn.'dɛrx.ɛl #	1	0	0	02_poems_-_GOUESTL.txt
P204_02-37	war an hent hoc'h eus diskouezet deomp ,	war an hent hoc’h eus diskouezet deomp,	# war ɑ̃n hɛnt oh øs di.sku.'e.zɛt 'de.õmp #	1	0	0	02_poems_-_GOUESTL.txt
P204_02-38	war ho roud , e merk gwad ho treid manet en traezh , 	war ho roud, e merk gwad ho treid manet en traezh, 	# war o ru:t # e mɛrg gwɑ:t o trɛjt 'mɑ̃.nɛd en trɛ:s #	1	0	0	02_poems_-_GOUESTL.txt
P204_02-39	an daeroù en hon daoulagad ,	an daeroù en hon daoulagad,	# ɑ̃n 'dɛ.ru en õn dɔw.'lɑg.at #	1	0	0	02_poems_-_GOUESTL.txt
P204_02-40	hor c'hein kroummet , hor c'halon gwak ,	hor c’hein kroummet, hor c’halon gwak,	# ɔr xɛjn 'kru.mɛt # ɔr 'xɑ.lõn gwɑ:k #	1	0	0	02_poems_-_GOUESTL.txt
P204_02-41	skuizh , divi , heskinet ,	skuizh, divi, heskinet,	# skɥi:s # 'di.vi # he.'ski.nɛt #	1	0	0	02_poems_-_GOUESTL.txt
P204_02-42	kunujennet , disprizet , dianzavet hag all .	kunujennet, disprizet, dianzavet hag all.	# ky.ny.'ʒɛ.nɛt # di.'spri.zɛt # djɑ̃n.'za.vet ag al #	1	0	0	02_poems_-_GOUESTL.txt
P204_02-43	Ni ra ar gouestl , dirak ar Werc'hez du e Bro Dreger 	Ni ra ar gouestl, dirak ar Werc’hez du e Bro Dreger 	# ni: ra ar gwestl # 'di.rag ar 'wɛrx.ɛs dy e bro: 'dreg.ɛr #	1	0	0	02_poems_-_GOUESTL.txt
P204_02-44	da grediñ atav ennoc'h , ennomp ,	da grediñ atav ennoc’h, ennomp,	# dɑ 'gre.di 'a.taw 'ɛ.nɔx # 'ɛ.nõmp #	1	0	0	02_poems_-_GOUESTL.txt
P204_02-45	er wirionez , er c'hlanded .	er wirionez, er c’hlanded.	# er wir.'jõ.nɛs # er 'xlɑ̃n.dɛt #	1	0	0	02_poems_-_GOUESTL.txt
P204_02-46	Ni a gredo a-enep d'ar Bed .	Ni a gredo a-enep d’ar Bed.	# ni: a 'gre.do a.'e.nɛp dar be:t #	1	0	0	02_poems_-_GOUESTL.txt
P204_02-47	Ni a gredo er pezh na dle ket bezañ kredet .	Ni a gredo er pezh na dle ket bezañ kredet.	# ni: a 'gre.do er pe:z na dle: ket 'be.zɑ̃ 'kre.dɛt #	1	0	0	02_poems_-_GOUESTL.txt
P204_02-48	Hag ez aimp kuit un deiz ,	Hag ez aimp kuit un deiz,	# ag ez ajm kɥid œn dɛjs #	1	0	0	02_poems_-_GOUESTL.txt
P204_02-49	eveldoc'h soudarded hor c'hantvedoù kozh ,	eveldoc’h soudarded hor c’hantvedoù kozh,	# e.'vɛl.dɔx su.'dar.dɛd ɔr xɑ̃nt.'ve.du kos #	1	0	0	02_poems_-_GOUESTL.txt
P204_02-50	ha c'hwi ar re nevez ,	ha c’hwi ar re nevez,	# a xwi: ar re: 'ne.ves #	1	0	0	02_poems_-_GOUESTL.txt
P204_02-51	dieub pe chadennet met laouen o vezañ kredet ennoc'h , ennomp , 	dieub pe chadennet met laouen o vezañ kredet ennoc’h, ennomp, 	# 'di.øp pe ʃa.'dɛ.nɛd mɛt 'lɔ.wɛn o 've.sɑ̃ 'kre.dɛd 'ɛ.nɔx # 'ɛ.nõmp #	1	0	0	02_poems_-_GOUESTL.txt
P204_02-52	er pezh a raemp , er pezh ho poa graet .	er pezh a raemp, er pezh ho poa graet.	# er pe:z a rɛmp # er pe:s o pwa grɛ:t #	1	0	0	02_poems_-_GOUESTL.txt
P204_02-53	Hag ez aimp war-raok , pa vo echu barzhoneg hor buhez , 	Hag ez aimp war-raok, pa vo echu barzhoneg hor buhez, 	# ag ez ajm 'war.rɔk # pa vo 'eʃ.y bar.'zõ.nɛk ɔr 'by.ɛs #	1	0	0	02_poems_-_GOUESTL.txt
P204_02-54	gant he c'herseennoù o soñjal hor bo graet didroidell 	gant he c’herseennoù o soñjal hor bo graet didroidell 	# gɑ̃n e xɛr.se.'ɛ.nu o 'sõ.ʒal ɔr bo grɛ:t di.dro.'i.dɛl #	1	0	0	02_poems_-_GOUESTL.txt
P204_02-55	ar pezh e oamp deut d'ober .	ar pezh e oamp deut d’ober.	# ar pe:z e wɑ̃m døt 'do.bɛr #	1	0	0	02_poems_-_GOUESTL.txt
P204_02-56	Brest , d'an eizh warn-ugent a viz Genver mil nav c'hant pevar ha hanter kant	Brest, d’an 28 a viz Genver 1954.	# brest # dɑ̃n ɛjs war.'nyg.ɛnd a vi:s 'gɛn.vɛr mil naw xɑ̃n 'pe.var a 'hɑ̃n.tɛr kɑ̃nt #	1	0	0	03_poems_-_GOUESTL.txt
P204_03-00	Ronan Huon	﻿RONAN HUON	# 'ro.nɑ̃n 'y.õn #	1	0	0	03_poems_-_VA_STEREDENN.txt
P204_03-01	Va steredenn	VA STEREDENN	# va ste.'re.dɛn #	1	0	0	03_poems_-_VA_STEREDENN.txt
P204_03-02	Roit din va steredenn ,	Roit din va steredenn,	# 'ro.it din va ste.'re.dɛn #	1	0	0	03_poems_-_VA_STEREDENN.txt
P204_03-03	m'he lakain 'barzh va godell ,	m’he lakain ‘barzh va godell,	# mhe bɑrs va 'go.dɛl #	1	0	0	03_poems_-_VA_STEREDENN.txt
P204_03-04	m'he zennin pa garin ,	m’he zennin pa garin,	# mhe 'sɛ.nin pa 'gɑ.rin #	1	0	0	03_poems_-_VA_STEREDENN.txt
P204_03-05	m'he diskouezin e kuzh ,	m’he diskouezin e kuzh,	# mhe di.sku.'e.zin e ky:s #	1	0	0	03_poems_-_VA_STEREDENN.txt
P204_03-06	e kornioù an oabl hag ar mor , d'ar re a blijo din . 	e kornioù an oabl hag ar mor, d’ar re a blijo din. 	# e 'kɔr.nju ɑ̃n wapl ag ar mo:r # dar re: a 'bli.ʒo din #	1	0	0	03_poems_-_VA_STEREDENN.txt
P204_03-07	Roit din va steredenn ,	Roit din va steredenn,	# 'ro.it din va ste.'re.dɛn #	1	0	0	03_poems_-_VA_STEREDENN.txt
P204_03-08	a c'hellin derc'hel em daouarn , evit o zommañ 	a c’hellin derc’hel em daouarn, evit o zommañ 	# a 'xɛ.lin 'dɛrh.ɛl ɛm 'dɔ.warn # 'e.vid o 'zɔ.mɑ̃ #	1	0	0	03_poems_-_VA_STEREDENN.txt
P204_03-09	e goañv an deizioù .	e goañv an deizioù.	# e 'go.ɑ̃ ɑ̃n 'dɛj.zju #	1	0	0	03_poems_-_VA_STEREDENN.txt
P204_03-10	Un tamm anezhi a roin , d'ar re a garan . 	Un tamm anezhi a roin, d'ar re a garan.	# œn tɑ̃m ɑ̃.'ne.zi a 'ro.in # dar re: a 'gɑ.rɑ̃n #	1	0	0	03_poems_-_VA_STEREDENN.txt
P204_03-11	E pradeier an hañv	E pradeier an hañv	# e prɑ.'de.jɛr ɑ̃n hɑ̃: #	1	0	0	03_poems_-_VA_STEREDENN.txt
P204_03-12	e kan c'hoazh ur wazh	e kan c’hoazh ur wazh	# e kɑ̃:n xwaz œr was #	1	0	0	03_poems_-_VA_STEREDENN.txt
P204_03-13	enni livioù va steredenn	enni livioù va steredenn	# 'ɛ.ni 'liw.ju va ste.'re.dɛn #	1	0	0	03_poems_-_VA_STEREDENN.txt
P204_03-14	paz a an heol da guzh .	paz a an heol da guzh.	# pɑ:z a ɑ̃n hɛwl dɑ gy:s #	1	0	0	03_poems_-_VA_STEREDENN.txt
P204_03-15	Roet am eus tammoù eus va steredenn ha bremañ am eus riv . 	Roet am eus tammoù eus va steredenn ha bremañ am eus riv. 	# 'ro.ɛd ɑ̃m øs 'tɑ̃.mu øs va ste.'re.dɛn a 'bre.mɑ̃ ɑ̃m øs riw #	1	0	0	03_poems_-_VA_STEREDENN.txt
P204_03-16	Na sot e oan o reiñ va steredenn , da n'eus forzh piv . 	Na sot e oan o reiñ va steredenn, da n'eus forzh piv.	# na so:d e wɑ̃:n o rɛj va ste.'re.dɛn # dɑ nøs fɔrs piw #	1	0	0	03_poems_-_VA_STEREDENN.txt
P204_03-17	mil nav c'hant pevar hag hanter-kant	1954	# mil naw xɑ̃n 'pe.var ag hɑ̃n.'tɛr.kɑ̃nt #	1	0	0	03_poems_-_VA_STEREDENN.txt
P204_04-00	Ronan Huon	﻿RONAN HUON	# 'ro.nɑ̃n 'y.õn #	1	0	0	04_poems_-_AR_SKLUZIOU.txt
P204_04-01	Ar Skluzioù	AR SKLUZIOù	# ar 'skly.zju #	1	0	0	04_poems_-_AR_SKLUZIOU.txt
P204_04-02	Ar skluzioù bras a zo freuzhet !	Ar skluzioù bras a zo freuzhet !	# ar 'skly.zju brɑ:z a zo 'frø.zɛt #	1	0	0	04_poems_-_AR_SKLUZIOU.txt
P204_04-03	An doureier melen a gas gante limouz don ar sterioù ,	An doureier melen a gas gante limouz don ar sterioù,	# ɑ̃n du.'re.jɛr 'me.lɛn a gas 'gɑ̃n.te 'li.mus dõ:n ar 'ster.ju #	1	0	0	04_poems_-_AR_SKLUZIOU.txt
P204_04-04	 broenn , ha korz ar pradoù bet morgousket hag e-lec'h ma eve , sioul , an tropelloù babouzek . 	 broenn, ha korz ar pradoù bet morgousket hag e-lec’h ma eve, sioul, an tropelloù babouzek. 	# 'bro.ɛn # a kɔrz ar 'prɑ.du bet morg.'u.skɛt ag 'e.lɛx ma 'e.ve # siwl # ɑ̃n tro.'pɛ.lu ba.'bu.zɛk #	1	0	0	04_poems_-_AR_SKLUZIOU.txt
P204_04-05	An nadozioù-aer n'aint ket mui da droidellat war o zro ,	An nadozioù-aer n’aint ket mui da droidellat war o zro,	# ɑ̃n na.do.'zju.ɛr najn ket mɥi: dɑ dro.i.'dɛ.lad war o zro: #	1	0	0	04_poems_-_AR_SKLUZIOU.txt
P204_04-06	na da ziskuizhañ war o c'horzennoù .	na da ziskuizhañ war o c’horzennoù.	# na dɑ zis.'kɥi.zɑ̃ war o xɔr.'zɛ.nu #	1	0	0	04_poems_-_AR_SKLUZIOU.txt
P204_04-07	An dourioù a zo dispac'het hag ar c'hemener dilu ha bresk	An dourioù a zo dispac’het hag ar c’hemener dilu ha bresk	# ɑ̃n 'dur.ju a zo di.'spah.ɛt ag ar xe.'me.nɛr 'di.ly a bresk #	1	0	0	04_poems_-_AR_SKLUZIOU.txt
P204_04-08	eo echu e rikladennoù warne , en endervezhioù gor ,	eo echu e rikladennoù warne, en endervezhioù gor,	# ɛw 'eʃ.y e ri.klɑ.'dɛ.nu 'war.ne # en en.dɛr.'ve.zju go:r #	1	0	0	04_poems_-_AR_SKLUZIOU.txt
P204_04-09	Amourouzien landrennek an dourioù n'eus mui anezhe .	Amourouzien landrennek an dourioù n’eus mui anezhe.	# ɑ̃.mu.'ru.zjɛn lɑ̃n.'drɛ.nɛg ɑ̃n 'dur.ju nøz mɥi: 'ɑ̃.nɛ #	1	0	0	04_poems_-_AR_SKLUZIOU.txt
P204_04-10	An avel eo a gomz , diredit !	An avel eo a gomz, diredit !	# ɑ̃n 'ɑ.vɛl ɛw a gõms # di.'re.dit #	1	0	0	04_poems_-_AR_SKLUZIOU.txt
P204_04-11	An dourioù a zo koeñvet ,	An dourioù a zo koeñvet,	# ɑ̃n 'dur.ju a zo 'kwẽ.vet #	1	0	0	04_poems_-_AR_SKLUZIOU.txt
P204_04-12	hag en ur vourbouilhat o deus freuzhet skluzioù kantvedel, o c'harc'har . 	hag en ur vourbouilhat o deus freuzhet skluzioù kantvedel, o c’harc’har. 	# ag en œr vur.'buʎ.ad o døs 'frø.zɛt 'skly.zju kɑ̃nt.'ve.dɛl # o 'xarx.ar #	1	0	0	04_poems_-_AR_SKLUZIOU.txt
P204_04-13	Emañ an edoù o tiwan kaeroc'h .	Emañ an edoù o tiwan kaeroc’h.	# 'e.mɑ̃ ɑ̃n 'e.du o 'ti.wɑ̃n 'kɛ.rɔx #	1	0	0	04_poems_-_AR_SKLUZIOU.txt
P204_04-14	Er gwez e tarzh un eil broñsadur .	Er gwez e tarzh un eil broñsadur.	# er gwe:z e tarz œn ɛjl brõ.'sɑ.dyr #	1	0	0	04_poems_-_AR_SKLUZIOU.txt
P204_04-15	Mor ar parkoù melen a'n em zispak o vougañ dreog ha louzoù .	Mor ar parkoù melen a’n em zispak o vougañ dreog ha louzoù.	# mo:r ar 'par.ku 'me.lɛn an ɛm 'zi.spag o 'vug.ɑ̃ 'dre.ɔk a 'lu.zu #	1	0	0	04_poems_-_AR_SKLUZIOU.txt
P204_04-16	Ar skluzioù a zo freuzhet .	Ar skluzioù a zo freuzhet.	# ar 'skly.zju a zo 'frø.zɛt #	1	0	0	04_poems_-_AR_SKLUZIOU.txt
P204_04-17	Ha setu a-greiz-holl ma tav d'am skouarn soroc'h an doureier !	Ha setu a-greiz-holl ma tav d’am skouarn soroc’h an doureier !	# a 'se.ty ag.'rɛj.zɔl ma taw dɑ̃m 'sku.arn 'so.rɔh ɑ̃n du.'re.jɛr #	1	0	0	04_poems_-_AR_SKLUZIOU.txt
P204_04-18	A-greiz-holl ma tav d'am sell ar parkeier o tiruilhal .	A-greiz-holl ma tav d’am sell ar parkeier o tiruilhal.	# ag.'rɛj.zɔl ma taw dɑ̃m sɛl ar par.'ke.jɛr o ti.'ryʎ.ɑl #	1	0	0	04_poems_-_AR_SKLUZIOU.txt
P204_04-19	Daoust hag ar broñsoù o c'henel ne zaskrenont ket mui ?	Daoust hag ar broñsoù o c’henel ne zaskrenont ket mui ?	# dɔwst ag ar 'brõ.su o 'xe.nɛl ne sa.'skre.nõn ket mɥi: #	1	0	0	04_poems_-_AR_SKLUZIOU.txt
P204_04-20	Ar skluzioù bras a zo freuzhet .	Ar skluzioù bras a zo freuzhet.	# ar 'skly.zju brɑ:z a zo 'frø.zɛt #	1	0	0	04_poems_-_AR_SKLUZIOU.txt
P204_04-21	Nann ! Ar skluzioù kantvedel a zo bepred eno	Nann ! Ar skluzioù kantvedel a zo bepred eno	# nɑ̃n # ar 'skly.zju kɑ̃nt.'ve.dɛl a zo 'be.pred 'e.no #	1	0	0	04_poems_-_AR_SKLUZIOU.txt
P204_04-22	e poultrenn o spoum beuzet .	e poultrenn o spoum beuzet.	# e 'pul.trɛn o spum 'bø.zɛt #	1	0	0	04_poems_-_AR_SKLUZIOU.txt
P204_04-23	Un huñvre e oa .	Un huñvre e oa.	# œn 'hỹ.vre e wa #	1	0	0	04_poems_-_AR_SKLUZIOU.txt
P204_04-24	Hag an nadozioù-aer a ra bepred o lez d'ar broenn .	Hag an nadozioù-aer a ra bepred o lez d’ar broenn.	# ag ɑ̃n na.do.'zju.ɛr a ra 'be.pred o le:s dar 'bro.ɛn #	1	0	0	04_poems_-_AR_SKLUZIOU.txt
P204_04-25	Nann , un huñvre e oa , ar skluzioù , siwazh n'int ket freuzhet !	Nann, un huñvre e oa, ar skluzioù, siwazh n’int ket freuzhet !	# nɑ̃n # œn 'hỹ.vre e wa # ar 'skly.zju # 'si.was nin ket 'frø.zɛt #	1	0	0	04_poems_-_AR_SKLUZIOU.txt
P204_04-26	N'eus avel ebet , sioul eo an oabl , ar c'horz ne fiñv tamm .	N’eus avel ebet, sioul eo an oabl, ar c’horz ne fiñv tamm.	# nøz 'ɑ.vɛl 'e.bet # siwl ɛw ɑ̃n wapl # ar xɔrs ne fĩw tɑ̃m #	1	0	0	04_poems_-_AR_SKLUZIOU.txt
P204_04-27	An dud a zo kousket , evel kent , evel kent siwazh !	An dud a zo kousket, evel kent, evel kent siwazh !	# ɑ̃n dyd a zo 'ku.skɛt # 'e.vɛl kɛnt # 'e.vɛl kɛn 'si.was #	1	0	0	04_poems_-_AR_SKLUZIOU.txt
P204_04-28	mil nav c'hant unan ha tri-ugent	1961	# mil naw xɑ̃nd 'y.nɑ̃n a tri.'yg.ɛnt #	1	0	0	05_poems_-_AR_SKLUZIOU.txt
P204_05-00	PER AR BIHAN ( PER DIOLIER )	PER AR BIHAN (PER DIOLIER) 	# pe:r ar 'bi.ɑ̃n # pe:r di.'o.ljɛr #	1	0	0	05_poems_-_VA_ZAD.txt
P204_05-01	VA ZAD	VA ZAD	# va ze a de #	1	0	0	05_poems_-_VA_ZAD.txt
P204_05-02	Va zad en devoa graet ar brezel pevarzek ,	Va zad en devoa graet ar brezel pevarzek,	# va zɑd en 'de.vwa grɛ:d ar 'bre.zɛl pe.'var.zek #	1	0	0	05_poems_-_VA_ZAD.txt
P204_05-03	eus ar pevar bloaz-se ne ranne ger ebet ,	eus ar pevar bloaz-se ne ranne ger ebet,	# øz ar 'pe.var 'blwaz.se ne 'rɑ̃.ne ge:r 'e.bet #	1	0	0	05_poems_-_VA_ZAD.txt
P204_05-04	koulskoude kroaz-vrezel ha medalenn 'n doa bet ,	koulskoude kroaz-vrezel ha medalenn ‘n doa bet,	# kul.'sku.de krwaz.'vre.zɛl a n dwa bet #	1	0	0	05_poems_-_VA_ZAD.txt
P204_05-05	zoken ur prizoniad en devoa kemeret .	zoken ur prizoniad en devoa kemeret.	# 'zo.ken œr pri.'zõ.njad en 'de.vwa ke.'me.rɛt #	1	0	0	05_poems_-_VA_ZAD.txt
P204_05-06	Va zad war an talbenn a oa bet gwall c'hloazet ,	Va zad war an talbenn a oa bet gwall c’hloazet,	# va zɑd war ɑ̃n 'tal.bɛn a wa bet gwal 'xlwɑ.zɛt #	1	0	0	05_poems_-_VA_ZAD.txt
P204_05-07	dont a rae d'ar gêr kein ha brec'h mac'hagnet ,	dont a rae d’ar gêr kein ha brec’h mac’hagnet,	# dõnd a rɛ: dar gɛr kɛjn a brex mah.'ɑ̃ɲ.ɛt #	1	0	0	05_poems_-_VA_ZAD.txt
P204_05-08	a-raok mont d'al linenn 'oa bet labourer-douar ,	a-raok mont d’al linenn ‘oa bet labourer-douar,	# 'a.rɔg mõn dal wa bet la.bu.rɛr.'du.ar #	1	0	0	05_poems_-_VA_ZAD.txt
P204_05-09	goude ne c'helle mui derc'hel war an alar .	goude ne c’helle mui derc’hel war an alar.	# 'gu.de ne 'xɛ.le mɥi: 'dɛrh.ɛl war ɑ̃n 'ɑ.lar #	1	0	0	05_poems_-_VA_ZAD.txt
P204_05-10	Ur pañsion en doa bet , ha kenteliet kadarn ,	Ur pañsion en doa bet, ha kenteliet kadarn,	# œr pɑ̃.'si.õn en dwa bet # a kɛn.'te.ljɛt 'kɑ.darn #	1	0	0	05_poems_-_VA_ZAD.txt
P204_05-11	setu lakaet an den e labour an hent-houarn ,	setu lakaet an den e labour an hent-houarn,	# 'se.ty 'la.kɛd ɑ̃n de:n e 'lɑ.bur ɑ̃n hɛn.'tu.arn #	1	0	0	05_poems_-_VA_ZAD.txt
P204_05-12	en ti-feurm evit gwir e vreudeur 'chome 'tav ,	en ti-feurm evit gwir e vreudeur ‘chome ‘tav,	# en 'ti.fœrm 'e.vit gwi:r e taw #	1	0	0	05_poems_-_VA_ZAD.txt
P204_05-13	bez' e oa re a dud er mereurioù endev .	bez’ e oa re a dud er mereurioù endev.	# bez wa re: a dy:d er me.rø.'ri.u 'en.dɛw #	1	0	0	05_poems_-_VA_ZAD.txt
P204_05-14	Va zad a oa ur c'houer eus maezioù Breizh-Izel ,	Va zad a oa ur c’houer eus maezioù Breizh-Izel,	# va zɑd a wa œr 'xu.ɛr øs 'mɛ.zju brɛj.'zi.zɛl #	1	0	0	05_poems_-_VA_ZAD.txt
P204_05-15	da Bariz e rankas mont da gaout trevell ,	da Bariz e rankas mont da gaout trevell,	# dɑ 'bɑ.riz e 'rɑ̃ŋ.kaz mõn dɑ gɔwt 'tre.vɛl #	1	0	0	05_poems_-_VA_ZAD.txt
P204_05-16	komis a eil renk , ne oa ket a drede ,	komis a eil renk, ne oa ket a drede,	# 'kõ.miz a ɛjl rẽŋk # ne wa ked a 'dre.de #	1	0	0	05_poems_-_VA_ZAD.txt
P204_05-17	evit labour burev nebeut donezonet .	evit labour burev nebeut donezonet.	# 'e.vit 'lɑ.bur 'by.rɛw 'ne.bøt dõ.ne.'zõ.nɛt #	1	0	0	05_poems_-_VA_ZAD.txt
P204_05-18	Va zad maget gant laezh mamm vrezhonegerez	Va zad maget gant laezh mamm vrezhonegerez	# va zɑd 'mɑg.ɛt gɑ̃n lɛ:s mɑ̃m vre.zõ.neg.'e.rɛs #	1	0	0	05_poems_-_VA_ZAD.txt
P204_05-19	ne zeskas ket ervat parlant ar C'hallaoued ,	ne zeskas ket ervat parlant ar C’hallaoued,	# ne 'se.skas ked 'er.vɑt 'par.lɑ̃nd ar xa.'lɔ.wɛt #	1	0	0	05_poems_-_VA_ZAD.txt
P204_05-20	e soñjoù a stumme e yezh kozh ar Gelted	e soñjoù a stumme e yezh kozh ar Gelted	# e 'sõ.ʒu a 'sty.me e je:s koz ar 'gɛl.tɛt #	1	0	0	05_poems_-_VA_ZAD.txt
P204_05-21	ha lent ha goustadik galleg e tistripe .	ha lent ha goustadik galleg e tistripe.	# a lɛnt a gu.'stɑ.dig 'ga.lɛg e ti.'stri.pe #	1	0	0	05_poems_-_VA_ZAD.txt
P204_05-22	Va zad ne gomprenas biskoazh ster e vuhez ,	Va zad ne gomprenas biskoazh ster e vuhez,	# va zɑd ne gõm.'pre.naz 'bi.skwas ste:r e 'vy.ɛs #	1	0	0	05_poems_-_VA_ZAD.txt
P204_05-23	met sammet e galon gant barradoù enkrez	met sammet e galon gant barradoù enkrez	# mɛt 'sɑ̃.mɛd e 'gɑ.lõn gɑ̃n ba.'ra.du 'eŋ.krɛs #	1	0	0	05_poems_-_VA_ZAD.txt
P204_05-24	e klaskas tec'hadenn e gwin ruz ar sklaved ,	e klaskas tec’hadenn e gwin ruz ar sklaved,	# e 'klɑ.skas teh.'ɑ.dɛn e gwi:n ry:z ar 'sklɑ.vet #	1	0	0	05_poems_-_VA_ZAD.txt
P204_05-25	boutailhoù e pep lec'h an den paour a guzhe .	boutailhoù e pep lec’h an den paour a guzhe.	# bu.'taʎ.u e pep lɛh ɑ̃n de:n pɔwr a 'gy.ze #	1	0	0	05_poems_-_VA_ZAD.txt
P204_05-26	'Chomas ket pell va zad er gêr vras villiget ,	‘Chomas ket pell va zad er gêr vras villiget,	# 'ʃõ.mas ket pɛl va zɑd er gɛr vrɑz vi.'lig.ɛt #	1	0	0	05_poems_-_VA_ZAD.txt
P204_05-27	tost ouzh harzoù ar Beauce emañ-eñ douaret ,	tost ouzh harzoù ar Beauce emañ-eñ douaret,	# tosd us 'har.zu ar be.a.'y.ke 'e.mɑ̃.ẽ du.'ɑ.rɛt #	1	0	0	05_poems_-_VA_ZAD.txt
P204_05-28	va zad a oa ur c'houer eus maezioù Breizh-Izel ,	va zad a oa ur c’houer eus maezioù Breizh-Izel,	# va zɑd a wa œr 'xu.ɛr øs 'mɛ.zju brɛj.'zi.zɛl #	1	0	0	05_poems_-_VA_ZAD.txt
P204_05-29	war e vez eus Kornog ra c'hwezho an avel .	war e vez eus Kornog ra c’hwezho an avel.	# war e ve:z øs 'kɔr.nog ra 'xwe.zo ɑ̃n 'ɑ.vɛl #	1	0	0	05_poems_-_VA_ZAD.txt
P204_05-30	Sant-Servan , mil nav c'hant daouzek ha tri-ugent . 	Sant-Servan, 1972. 	# sɑ̃n.'sɛr.vɑ̃n # mil naw xɑ̃n 'dɔw.zeg a tri.'yg.ɛnt #	1	0	0	05_poems_-_VA_ZAD.txt
P204_05-31	Al Liamm niverenn kant eizh ha hanter-kant - 	Al Liamm n° 158 - 	# al ljɑ̃m ni.'ve.rɛn kɑ̃n ɛjs a hɑ̃n.'tɛr.kɑ̃nt #	1	0	0	05_poems_-_VA_ZAD.txt
P204_05-32	pajenn kant naontek ha tri-ugent	p. 179	# 'pɑ.ʒɛn kɑ̃n 'nɑ̃wn.teg a tri.'yg.ɛnt #	1	0	0	05_poems_-_VA_ZAD.txt
P204_06-00	PER AR BIHAN ( PER DIOLIER )	PER AR BIHAN (PER DIOLIER)	# pe:r ar 'bi.ɑ̃n # pe:r di.'o.ljɛr #	1	0	0	06_poems_-_VA_MAMM.txt
P204_06-01	VA MAMM	VA MAMM 	# va mɑ̃m #	1	0	0	06_poems_-_VA_MAMM.txt
P204_06-02	Va mamm 'zo aet d'ar c'hatekiz ,	Va mamm ‘zo aet d’ar c’hatekiz,	# va zo ɛ:t dar xa.'te.kis #	1	0	0	06_poems_-_VA_MAMM.txt
P204_06-03	da skol an diaoul en hec'h amzer ,	da skol an diaoul en hec’h amzer,	# dɑ sko:l ɑ̃n djɔwl en eh 'ɑ̃m.zɛr #	1	0	0	06_poems_-_VA_MAMM.txt
P204_06-04	e-pad un tri bloaz bennaket ,	e-pad un tri bloaz bennaket,	# 'e.pɑd œn tri: blwɑ:s bɛ.'na.ket #	1	0	0	06_poems_-_VA_MAMM.txt
P204_06-05	goude n'he deus mui seurt desket, nemet kentelioù ar vuhez . 	goude n’he deus mui seurt desket, nemet kentelioù ar vuhez. 	# 'gu.de nhe døs mɥi: sœrt 'de.skɛt # 'ne.met kɛn.'tɛ.lju ar 'vy.ɛs #	1	0	0	06_poems_-_VA_MAMM.txt
P204_06-06	Va mamm , merc'h un douger-lizhiri ,	Va mamm, merc’h un douger-lizhiri,	# va mɑ̃m # mɛrh œn dug.ɛr.li.'zi.ri #	1	0	0	06_poems_-_VA_MAMM.txt
P204_06-07	ouzh ar gouerien he doa dispriz ,	ouzh ar gouerien he doa dispriz,	# uz ar gu.'er.jɛn e dwa 'di.spris #	1	0	0	06_poems_-_VA_MAMM.txt
P204_06-08	matezh 'voe ti bourc'hizien ,	matezh ‘voe ti bourc’hizien,	# 'ma.tɛs vwe ti: burx.'i.zjɛn #	1	0	0	06_poems_-_VA_MAMM.txt
P204_06-09	dimeziñ 'reas yaouank gant un implijad bihan .	dimeziñ ‘reas yaouank gant un implijad bihan.	# di.'me.zi 're.az 'jɔ.wɑ̃ŋg gɑ̃n œn im.'pli.ʒat 'bi.ɑ̃n #	1	0	0	06_poems_-_VA_MAMM.txt
P204_06-10	Va mamm , desket er skol a-zoare ,	Va mamm, desket er skol a-zoare,	# va mɑ̃m # 'de.skɛd er sko:l az.'wɑ.re #	1	0	0	06_poems_-_VA_MAMM.txt
P204_06-11	'blije ket dezhi ar c'hentanvioù 'ziwar ar maez ,	‘blije ket dezhi ar c’hentanvioù ‘ziwar ar maez,	# 'bliʃ.e ket 'de.zi ar 'zi.wɑr ar mɛ:s #	1	0	0	06_poems_-_VA_MAMM.txt
P204_06-12	Lan , Lom , Biel , Zaig , Jañ-Luiz , Mon pe Soaz ,	Lan, Lom, Biel, Zaig, Jañ-Luiz, Mon pe Soaz,	# lɑ̃:n # lɔm # 'bi.ɛl # 'za.ik # 'ʒɑ̃l.ɥis # mõ:n pe swɑ:s #	1	0	1	06_poems_-_VA_MAMM.txt
P204_06-13	ne oant ket diouzh he grad , siwazh :	ne oant ket diouzh he grad, siwazh :	# ne wɑ̃n ket djus e grɑ:t # 'si.was #	1	0	0	06_poems_-_VA_MAMM.txt
P204_06-14	a-du ez eo bremañ gant lod anezho , mar plij ,	a-du ez eo bremañ gant lod anezho, mar plij,	# 'a.dy ez ɛw 'bre.mɑ̃ gɑ̃n lo:d ɑ̃.'ne.zo # mɑ:r pliʒ #	1	0	0	06_poems_-_VA_MAMM.txt
P204_06-15	abaoe m'int deut diouzh ar c'hiz .	abaoe m’int deut diouzh ar c’hiz.	# a.'bɔ.we min døt djuz ar xis #	1	0	0	06_poems_-_VA_MAMM.txt
P204_06-16	Va mamm ne anavez tamm 'bet tud vras he bro ,	Va mamm ne anavez tamm ‘bet tud vras he bro,	# va mɑ̃m ne ɑ̃.'nɑ.vɛs bet ty:t vrɑz e bro: #	1	0	0	06_poems_-_VA_MAMM.txt
P204_06-17	na Roparz Hemon , na Tangi Malmañch , na Jakez Riou ,	na Roparz Hemon, na Tangi Malmañch, na Jakez Riou,	# na 'ro.pars 'he.mõn # na 'tɑ̃ŋg.i 'mal.mɑ̃ʃ # na 'ʒa.kɛs 'ri.u #	1	0	0	06_poems_-_VA_MAMM.txt
P204_06-18	eus Stivell e oar an doare	eus Stivell e oar an doare	# øs 'sti.vɛl e wɑ:r ɑ̃n 'dwɑ.re #	1	0	0	06_poems_-_VA_MAMM.txt
P204_06-19	peogwir e teu war skramm an tele .	peogwir e teu war skramm an tele.	# 'pɛw.gwir e tø war skrɑ̃m ɑ̃n 'te.le #	1	0	0	06_poems_-_VA_MAMM.txt
P204_06-20	Va mamm a anavez avat , Mannix ha Colombo ,	Va mamm a anavez avat, Mannix ha Colombo,	# va mɑ̃m a ɑ̃.'nɑ.vɛz 'a.vat # 'ma.niks a ko.'lõm.bo #	1	0	1	06_poems_-_VA_MAMM.txt
P204_06-21	munutañ darvoudoùigoù	munutañ darvoudoùigoù	# my.'ny.tɑ̃ dar.vu.du.'ig.u #	1	0	0	06_poems_-_VA_MAMM.txt
P204_06-22	istor ar rouaned , kontet gant brizh journalioù .	istor ar rouaned, kontet gant brizh journalioù.	# 'i.stɔr ar ru.'ɑ̃.nɛt # 'kõn.tɛt gɑ̃n bri:s ʒur.'na.lju #	1	0	0	06_poems_-_VA_MAMM.txt
P204_06-23	Va mamm a gav dezhi he deus ur vuhez a-zoare	Va mamm a gav dezhi he deus ur vuhez a-zoare	# va mɑ̃m a gav 'de.zi e døz œr 'vy.ɛz az.'wɑ.re #	1	0	0	06_poems_-_VA_MAMM.txt
P204_06-24	hag e ro deomp forzh kuzulioù .	hag e ro deomp forzh kuzulioù.	# ag e ro: 'de.õm fɔrs ky.'zy.lju #	1	0	0	06_poems_-_VA_MAMM.txt
P204_06-25	Eus pelec'h e tenn al lorc'h-se ?	Eus pelec’h e tenn al lorc’h-se ?	# øs 'pe.lɛh e tɛn al 'lɔrx.se #	1	0	0	06_poems_-_VA_MAMM.txt
P204_06-26	mil nav c'hant pevar-ugent	1980	# mil naw xɑ̃n pe.va.'ryg.ɛnt #	1	0	0	06_poems_-_VA_MAMM.txt
P204_07-00	PER AR BIHAN ( PER DIOLIER )	PER AR BIHAN (PER DIOLIER)	# pe:r ar 'bi.ɑ̃n # pe:r di.'o.ljɛr #	1	0	0	07_poems_-_KANENN_VARZHIN.txt
P204_07-01	KANENN VARZHIN	KANENN VARZHIN	# 'kɑ̃.nɛn 'var.zin #	1	0	0	07_poems_-_KANENN_VARZHIN.txt
P204_07-02	Pell e oan bet er beurbadelezh	Pell e oan bet er beurbadelezh	# pɛl e wɑ̃:n bed er bœr.ba.'dɛ.lɛz #	1	0	0	07_poems_-_KANENN_VARZHIN.txt
P204_07-03	roet he deus lañs foll d'an hunvre	roet he deus lañs foll d’an hunvre	# 'ro.ɛt e døs lɑ̃s fɔl dɑ̃n 'hyn.vre #	1	0	0	07_poems_-_KANENN_VARZHIN.txt
P204_07-04	e traonienn voemus tarzh an deiz	e traonienn voemus tarzh an deiz	# e 'trɑ̃w.njɛn vo.'e.mys tarz ɑ̃n dɛjs #	1	0	0	07_poems_-_KANENN_VARZHIN.txt
P204_07-05	p'edo o kutuilh bokedoù-laezh .	p’edo o kutuilh bokedoù-laezh.	# 'pe.do o 'ky.tyʎ bo.ke.'du.lɛs #	1	0	0	07_poems_-_KANENN_VARZHIN.txt
P204_07-06	Gant he breoù on bet ereet , e Brekilien 	Gant he breoù on bet ereet, e Brekilien 	# gɑ̃n e 'bre.u õn bed e.'re.ɛt # e bre.'ki.ljɛn #	1	0	0	07_poems_-_KANENN_VARZHIN.txt
P204_07-07	e-lec'h ma kantren an avel	e-lec’h ma kantren an avel	# 'e.lɛx ma 'kɑ̃n.trɛn ɑ̃n 'ɑ.vɛl #	1	0	0	07_poems_-_KANENN_VARZHIN.txt
P204_07-08	ma ver 'n hunvre gant red ar stêr .	ma ver ‘n hunvre gant red ar stêr.	# ma n 'hyn.vre gɑ̃n re:d ar stɛ:r #	1	0	0	07_poems_-_KANENN_VARZHIN.txt
P204_07-09	P'he doa lakaet he muzell vouk	P’he doa lakaet he muzell vouk	# phe dwa 'la.kɛt e 'my.zɛl vug #	1	0	0	07_poems_-_KANENN_VARZHIN.txt
P204_07-10	he salo sin war va zerzhienn	he salo sin war va zerzhienn	# e 'sɑ.lo si:n war va 'zɛr.zjɛn #	1	0	0	07_poems_-_KANENN_VARZHIN.txt
P204_07-11	fulennoù hud a strinke ennon	fulennoù hud a strinke ennon	# fy.'lɛ.nu hy:d a 'striŋ.ke 'ɛ.nõn #	1	0	0	07_poems_-_KANENN_VARZHIN.txt
P204_07-12	o tifarleañ edan bok fulenn .	o tifarleañ edan bok fulenn.	# o ti.far.'le.ɑ̃ 'e.dɑ̃n bɔk 'fy.lɛn #	1	0	0	07_poems_-_KANENN_VARZHIN.txt
P204_07-13	'Vit tizhout lenn , e lenn he sell , ar c'hevrin loskus am treante 	‘Vit tizhout lenn, e lenn he sell, ar c’hevrin loskus am treante 	# vit 'ti.zut lɛn # e lɛn e sɛl # ar 'xɛ.vrin 'lo.skyz ɑ̃m tre.'ɑ̃n.te #	1	0	0	07_poems_-_KANENN_VARZHIN.txt
P204_07-14	heol ha daeloù a levenez , a-hed kant lev am bije redet . 	heol ha daeloù a levenez, a-hed kant lev am bije redet. 	# hɛwl a 'dɛ.lu a le.'ve.nɛs # 'ah.et kɑ̃n lɛw ɑ̃m 'bi.ʒe 're.dɛt #	1	0	0	07_poems_-_KANENN_VARZHIN.txt
P204_07-15	Ken koant va c'hoant he fard em fart	Ken koant va c’hoant he fard em fart	# ken kwɑ̃n va xwɑ̃nt e fard ɛm fart #	1	0	0	07_poems_-_KANENN_VARZHIN.txt
P204_07-16	ma liv he jod ma from he zal	ma liv he jod ma from he zal	# ma liw e ʒo:t ma frõm e zɑ:l #	1	0	0	07_poems_-_KANENN_VARZHIN.txt
P204_07-17	edan turmud trefu espar .	edan turmud trefu espar.	# 'e.dɑ̃n 'tyr.myt 'tre.fy 'e.spar #	1	0	0	07_poems_-_KANENN_VARZHIN.txt
P204_07-18	Zoken m'hellfen 'n he c'housk he zizhet	Zoken m’hellfen ‘n he c’housk he zizhet	# 'zo.ken n e xusg e 'zi.zɛd #	1	0	0	07_poems_-_KANENN_VARZHIN.txt
P204_07-19	ingal o fiñval he askre	ingal o fiñval he askre	# 'ing.al o 'fĩ.val e 'a.skre #	1	0	0	07_poems_-_KANENN_VARZHIN.txt
P204_07-20	deut ar repoz en he liorzh klet	deut ar repoz en he liorzh klet	# død ar 're.poz en e 'li.ɔrs klet #	1	0	0	07_poems_-_KANENN_VARZHIN.txt
P204_07-21	dalc'het blim 'n he breoù chomfen .	dalc’het blim ‘n he breoù chomfen.	# 'dalx.ɛt n e 'bre.u 'ʃõ.mfɛn #	1	0	0	07_poems_-_KANENN_VARZHIN.txt
P204_07-22	P'he deus stignet roued he boem	P’he deus stignet roued he boem	# phe døs 'stiɲ.ɛt rwet e bwɛm #	1	0	0	07_poems_-_KANENN_VARZHIN.txt
P204_07-23	gant c'hwistantin an noz intret	gant c’hwistantin an noz intret	# gɑ̃n xwi.'stɑ̃n.tin ɑ̃n no:z 'in.trɛt #	1	0	0	07_poems_-_KANENN_VARZHIN.txt
P204_07-24	liammet skoulmet va ene , flamm e tisouezhin 	liammet skoulmet va ene, flamm e tisouezhin 	# 'ljɑ̃.mɛt 'skul.mɛd va 'e.ne # flɑ̃m e ti.'swe.sin #	1	0	0	07_poems_-_KANENN_VARZHIN.txt
P204_07-25	e Avallac'h en enezenn	e Avallac’h en enezenn	# e a.'vɑ.lah en e.'ne.zɛn #	1	0	0	07_poems_-_KANENN_VARZHIN.txt
P204_07-26	aet va deizioù kent d'o zermen .	aet va deizioù kent d’o zermen.	# ɛ:t va 'dɛj.zju kɛn do 'zɛr.mɛn #	1	0	0	07_poems_-_KANENN_VARZHIN.txt
P204_08-00	Youenn Olier	YOUENN OLIER	# 'ju.ɛn o.'li.ɛr #	1	0	0	08_poems_-_KREISTEIZ.txt
P204_08-01	KREISTEIZ	KREISTEIZ	# 'krɛj.stɛjs #	1	0	0	08_poems_-_KREISTEIZ.txt
P204_08-02	Kreisteiz a zeuas	Kreisteiz a zeuas	# 'krɛj.stɛjz a 'zø.as #	1	0	0	08_poems_-_KREISTEIZ.txt
P204_08-03	dreist da voger frailhet an tornaod kozh	dreist da voger frailhet an tornaod kozh	# drɛjst dɑ 'vog.ɛr 'fraʎ.ɛd ɑ̃n 'tɔr.nɔt kos #	1	0	0	08_poems_-_KREISTEIZ.txt
P204_08-04	glas ha melen , roufennet gell , e paras ur menez all , 	glas ha melen, roufennet gell, e paras ur menez all, 	# glɑ:s a 'me.lɛn # ru.'fɛ.nɛt gɛl # e 'pɑ.raz œr 'me.nɛz al #	1	0	0	08_poems_-_KREISTEIZ.txt
P204_08-05	euzhvil gourvezet sioul ha marv	euzhvil gourvezet sioul ha marv	# 'øz.vil gur.'ve.zɛt siwl a 'mɑ.ro #	1	0	0	08_poems_-_KREISTEIZ.txt
P204_08-06	gant e gein hir ha moal astennet	gant e gein hir ha moal astennet	# gɑ̃n e gɛjn hi:r a mwɑ:l a.'stɛ.nɛd #	1	0	0	08_poems_-_KREISTEIZ.txt
P204_08-07	ha dreist dezhañ 'n em zastumas an arnev du ,	ha dreist dezhañ ‘n em zastumas an arnev du,	# a drɛjst n ɛm za.'sty.maz ɑ̃n 'ar.nɛw dy #	1	0	0	08_poems_-_KREISTEIZ.txt
P204_08-08	neved iskis o stagañ neñv ha douar	neved iskis o stagañ neñv ha douar	# 'ne.vɛd 'i.skiz o 'stɑg.ɑ̃ nẽ: a 'du.ar #	1	0	0	08_poems_-_KREISTEIZ.txt
P204_08-09	gant pileroù melen o gouloù divedel .	gant pileroù melen o gouloù divedel.	# gɑ̃n pi.'lɛ.ru 'me.lɛn o 'gu.lu di.'ve.dɛl #	1	0	0	08_poems_-_KREISTEIZ.txt
P204_08-10	Ha klasket em eus araok ar gurun ar goudor asur ,	Ha klasket em eus araok ar gurun ar goudor asur,	# a 'klɑ.skɛd ɛm øz 'a.rɔg ar 'gy.ryn ar 'gu.dɔr 'a.syr #	1	0	0	08_poems_-_KREISTEIZ.txt
P204_08-11	ha kent ar barrad tost	ha kent ar barrad tost	# a kɛnd ar 'ba.rat tost #	1	0	0	08_poems_-_KREISTEIZ.txt
P204_08-12	ur c'hledour start hag ar repu	ur c’hledour start hag ar repu	# œr 'xle.dur start ag ar 're.py #	1	0	0	08_poems_-_KREISTEIZ.txt
P204_08-13	ha tec'hout a rankis e-kreiz an deiz	ha tec’hout a rankis e-kreiz an deiz	# a 'teh.ud a 'rɑ̃ŋ.kiz 'e.krɛjz ɑ̃n dɛjs #	1	0	0	08_poems_-_KREISTEIZ.txt
P204_08-14	diouzh estrenvan dic'hortoz , am samm hep kemenn 	diouzh estrenvan dic’hortoz, am samm hep kemenn 	# djuz e.'strɛn.vɑ̃n dih.'ɔr.tos # ɑ̃m sɑ̃m hep 'ke.mɛn #	1	0	0	08_poems_-_KREISTEIZ.txt
P204_08-15	war hent ar vuhez ken na ouzon mui	war hent ar vuhez ken na ouzon mui	# war hɛnd ar 'vy.ɛs ken na 'u.zõn mɥi: #	1	0	0	08_poems_-_KREISTEIZ.txt
P204_08-16	pe war du treiñ .	pe war du treiñ.	# pe war dy trɛj #	1	0	0	08_poems_-_KREISTEIZ.txt
P204_08-17	mil nav c'hant c'hwec'h ha hanter-kant 	1956	# mil naw xɑ̃n xwɛx a hɑ̃n.'tɛr.kɑ̃nt #	1	0	0	08_poems_-_KREISTEIZ.txt
P204_08-18	( Al iamm, niverenn eizh ha hanter-kant , pajenn tri ) 	 (AL LIAMM n. 58, p. 3)	# al jɑ̃m # ni.'ve.rɛn ɛjs a hɑ̃n.'tɛr.kɑ̃nt # 'pɑ.ʒɛn tri: #	1	0	0	08_poems_-_KREISTEIZ.txt
P204_09-00	Youenn Olier	YOUENN OLIER	# 'ju.ɛn o.'li.ɛr #	1	0	0	09_poems_-_BEG_AR_RAZ.txt
P204_09-01	BEG-AR-RAZ	BEG-AR-RAZ 	# beg.'ar.rɑs #	1	0	0	09_poems_-_BEG_AR_RAZ.txt
P204_09-02	War an dremmwel , dreist d'an tour-tan	War an dremmwel, dreist d’an tour-tan	# war ɑ̃n 'drɛ.mwɛl # drɛjst dɑ̃n 'tur.tɑ̃n #	1	0	0	09_poems_-_BEG_AR_RAZ.txt
P204_09-03	ha da linenn voan an enez	ha da linenn voan an enez	# a dɑ 'li.nɛn vwɑ̃n ɑ̃n 'e.nɛs #	1	0	0	09_poems_-_BEG_AR_RAZ.txt
P204_09-04	e sankas trumm an heol gwad	e sankas trumm an heol gwad	# e 'sɑ̃ŋ.kas trym ɑ̃n hɛwl gwɑ:t #	1	0	0	09_poems_-_BEG_AR_RAZ.txt
P204_09-05	e dourioù don ar meurvor mik ;	e dourioù don ar meurvor mik ;	# e 'dur.ju dõ:n ar 'mœr.vor mik #	1	0	0	09_poems_-_BEG_AR_RAZ.txt
P204_09-06	ur vevenn vouk a c'hronn an tir	ur vevenn vouk a c’hronn an tir	# œr 've.vɛn vug a xrõn ɑ̃n ti:r #	1	0	0	09_poems_-_BEG_AR_RAZ.txt
P204_09-07	a gousk asik e dalc'h an hun	a gousk asik e dalc’h an hun	# a gusk 'a.sig e dalh ɑ̃n yn #	1	0	0	09_poems_-_BEG_AR_RAZ.txt
P204_09-08	tra ma tremen war skramm an oabl	tra ma tremen war skramm an oabl	# trɑ: ma 'tre.mɛn war skrɑ̃m ɑ̃n wapl #	1	0	0	09_poems_-_BEG_AR_RAZ.txt
P204_09-09	a vir bepred eñvor dibad	a vir bepred eñvor dibad	# a vi:r 'be.pred 'ẽ.vɔr 'di.bat #	1	0	0	09_poems_-_BEG_AR_RAZ.txt
P204_09-10	ar sklerijenn , ur bagad foll , a skreved gwenn o c'harmiñ skiltr 	ar sklerijenn, ur bagad foll, a skreved gwenn o c’harmiñ skiltr 	# ar skle.'ri.ʒɛn # œr 'bɑg.at fɔl # a 'skre.ved gwɛn o 'xar.mi skiltr #	1	0	0	09_poems_-_BEG_AR_RAZ.txt
P204_09-11	o hiraezh kriz en deiz a varv .	o hiraezh kriz en deiz a varv.	# o 'hi.rɛs kri:z en dɛjz a 'wɑ.ro #	1	0	0	09_poems_-_BEG_AR_RAZ.txt
P204_09-12	mil nav c'hant trizek ha tri-ugent	1973 	# mil naw xɑ̃n 'tri.zeg a tri.'yg.ɛnt #	1	0	0	09_poems_-_BEG_AR_RAZ.txt
P204_09-13	( IMBOURC'H , pajenn dek )	(IMBOURC’H, p. 10)	# 'im.burx # 'pɑ.ʒɛn dek #	1	0	0	09_poems_-_BEG_AR_RAZ.txt
P204_10-00	PER DENEZ	PER DENEZ	# pe:r 'de.nɛs #	1	0	0	10_poems_-_NEGRO_SONG_E_DOARE_LANGSTON_HUGHES.txt
P204_10-01	Negro song ( e doare Langston Hughes )	NEGRO SONG (e doare Langston Hughes) 	# 'nɛg.ro sõŋg # e 'dwɑ.re 'lɑ̃ŋg.stɔn hugs #	1	0	1	10_poems_-_NEGRO_SONG_E_DOARE_LANGSTON_HUGHES.txt
P204_10-02	Me zo Breizhad .	Me zo Breizhad.	# me: zo 'brɛj.zat #	1	0	0	10_poems_-_NEGRO_SONG_E_DOARE_LANGSTON_HUGHES.txt
P204_10-03	Me zo bet sklav .	Me zo bet sklav.	# me: zo bet sklɑ:f #	1	0	0	10_poems_-_NEGRO_SONG_E_DOARE_LANGSTON_HUGHES.txt
P204_10-04	Galeour ez on bet e bagoù ar Roue Loeiz .	 Galeour ez on bet e bagoù ar Roue Loeiz. 	# ga.'le.ur ez õn bed e 'bɑg.u ar 'ru.e 'lo.ɛjs #	1	0	0	10_poems_-_NEGRO_SONG_E_DOARE_LANGSTON_HUGHES.txt
P204_10-05	Toullet em eus hentoù , douget va samm a vein ,	 Toullet em eus hentoù, douget va samm a vein,	# 'tu.lɛd ɛm øs 'hɛn.tu # 'dug.ɛt va sɑ̃m a vɛjn #	1	0	0	10_poems_-_NEGRO_SONG_E_DOARE_LANGSTON_HUGHES.txt
P204_10-06	Savet em eus , en o c'hêrbenn , o falezioù .	 Savet em eus, en o c’hêrbenn, o falezioù.	# 'sɑ.vɛd ɛm øs # en o 'xɛr.bɛn # o fa.'le.zju #	1	0	0	10_poems_-_NEGRO_SONG_E_DOARE_LANGSTON_HUGHES.txt
P204_10-07	Me zo bet soudard .	Me zo bet soudard.	# me: zo bet 'su.dart #	1	0	0	10_poems_-_NEGRO_SONG_E_DOARE_LANGSTON_HUGHES.txt
P204_10-08	Va obidoù em eus kanet e lannegi Plañwour .	 Va obidoù em eus kanet e lannegi Plañwour.	# va o.'bi.du ɛm øs 'kɑ̃.nɛd e lɑ̃.'neg.i 'plɑ̃.wur #	1	0	0	10_poems_-_NEGRO_SONG_E_DOARE_LANGSTON_HUGHES.txt
P204_10-09	Breinet em eus en erc'hegi Rusia ,	 Breinet em eus en erc’hegi Rusia,	# 'brɛj.nɛd ɛm øz en ɛrx.'eg.i 'ry.sja #	1	0	0	10_poems_-_NEGRO_SONG_E_DOARE_LANGSTON_HUGHES.txt
P204_10-10	Breinet em eus e rizegi Hanoï ,	 Breinet em eus e rizegi Hanoï,	# 'brɛj.nɛd ɛm øz e ri.'zeg.i 'a.nɔj #	1	0	1	10_poems_-_NEGRO_SONG_E_DOARE_LANGSTON_HUGHES.txt
P204_10-11	Tufet va gwad e fozioù pri Verdun .	 Tufet va gwad e fozioù pri Verdun.	# 'ty.fɛd va gwɑ:d e 'fo.zju pri: 'vɛr.dɛ̃ #	1	0	1	10_poems_-_NEGRO_SONG_E_DOARE_LANGSTON_HUGHES.txt
P204_10-12	Lazhet 'm eus ar re zu	 Lazhet ‘m eus ar re zu	# 'lɑ.zɛt m øz ar re: zy #	1	0	0	10_poems_-_NEGRO_SONG_E_DOARE_LANGSTON_HUGHES.txt
P204_10-13	Ha distrujet an doueed a azeulent .	 Ha distrujet an doueed a azeulent.	# a di.'stry.ʒɛd ɑ̃n du.'e.ɛd a a.'zø.lɛnt #	1	0	0	10_poems_-_NEGRO_SONG_E_DOARE_LANGSTON_HUGHES.txt
P204_10-14	Me zo bet mevel .	Me zo bet mevel.	# me: zo bet 'me.vɛl #	1	0	0	10_poems_-_NEGRO_SONG_E_DOARE_LANGSTON_HUGHES.txt
P204_10-15	Mousc'hoarzh ar re faezhet em eus bet o servij .	 Mousc’hoarzh ar re faezhet em eus bet o servij.	# 'musx.warz ar re: 'fɛ.zɛd ɛm øs bed o 'sɛr.viʃ #	1	0	0	10_poems_-_NEGRO_SONG_E_DOARE_LANGSTON_HUGHES.txt
P204_10-16	Desket em eus d'an dud komz evel va mistri .	 Desket em eus d’an dud komz evel va mistri.	# 'de.skɛd ɛm øs dɑ̃n dyt kõmz 'e.vɛl va 'mi.stri #	1	0	0	10_poems_-_NEGRO_SONG_E_DOARE_LANGSTON_HUGHES.txt
P204_10-17	Ruzet em eus va zreid war bavezioù Pariz .	 Ruzet em eus va zreid war bavezioù Pariz.	# 'ry.zɛd ɛm øs va zrɛjd war ba.'ve.zju 'pɑ.ris #	1	0	0	10_poems_-_NEGRO_SONG_E_DOARE_LANGSTON_HUGHES.txt
P204_10-18	Ha graet em eus dezho c'hoarzhin	Ha graet em eus dezho c’hoarzhin	# a grɛ:d ɛm øs 'de.zo 'xwar.zin #	1	0	0	10_poems_-_NEGRO_SONG_E_DOARE_LANGSTON_HUGHES.txt
P204_10-19	Rak me zo bet farouell .	 Rak me zo bet farouell.	# rag me: zo bet 'far.wɛl #	1	0	0	10_poems_-_NEGRO_SONG_E_DOARE_LANGSTON_HUGHES.txt
P204_10-20	Me zo bet merzher .	Me zo bet merzher.	# me: zo bet 'mɛr.zɛr #	1	0	0	10_poems_-_NEGRO_SONG_E_DOARE_LANGSTON_HUGHES.txt
P204_10-21	mil nav c'hant unan ha tri-ugent	1961	# mil naw xɑ̃nd 'y.nɑ̃n a tri.'yg.ɛnt #	1	0	0	10_poems_-_NEGRO_SONG_E_DOARE_LANGSTON_HUGHES.txt
P204_10-22	( Al iamm, niverenn seizh ha pevar-ugent , pajenn daou c'hant pevar warn-ugent ) 	 (AL LIAMM, n. 87, p. 224)	# al jɑ̃m # ni.'ve.rɛn sɛjs a pe.va.'ryg.ɛnt # 'pɑ.ʒɛn dɔw xɑ̃n 'pe.var war.'nyg.ɛnt #	1	0	0	10_poems_-_NEGRO_SONG_E_DOARE_LANGSTON_HUGHES.txt
P204_11-00	PER DENEZ	PER DENEZ	# pe:r 'de.nɛs #	1	0	0	11_poems_-_A_VIZ_EBREL_E_BARSELONA.txt
P204_11-01	pemp warn-ugent ar viz ebrel, e Barcelona	25 A VIZ EBREL - E BARSELONA	# pɛm war.'nyg.ɛnd ar viz 'e.brɛl # e bar.se.'lo.na #	1	0	1	11_poems_-_A_VIZ_EBREL_E_BARSELONA.txt
P204_11-02	Trumm en devezh-se , 	Trumm en devezh-se, 	# trym en 'de.vez.se #	1	0	0	11_poems_-_A_VIZ_EBREL_E_BARSELONA.txt
P204_11-03	Ha me o tont eus va bro yen	Ha me o tont eus va bro yen	# a me: o tõnd øs va bro: je:n #	1	0	0	11_poems_-_A_VIZ_EBREL_E_BARSELONA.txt
P204_11-04	E-lec'h ma kinniger dizeriañ , gant al labour en dic'hoanag , 	E-lec'h ma kinniger dizeriañ, gant al labour en dic'hoanag,	# 'e.lɛx ma ki.'nig.ɛr di.'zɛr.jɑ̃ # gɑ̃n al 'lɑ.bur en dih.'wɑ̃.nak #	1	0	0	11_poems_-_A_VIZ_EBREL_E_BARSELONA.txt
P204_11-05	Trumm eo deuet en-dro an heol em buhez	Trumm eo deuet en-dro an heol em buhez	# trym ɛw dø:d 'en.dro ɑ̃n hɛwl ɛm 'by.ɛs #	1	0	0	11_poems_-_A_VIZ_EBREL_E_BARSELONA.txt
P204_11-06	War-lerc'h an noz hag a-raok va nozvezh .	War-lerc’h an noz hag a-raok va nozvezh...	# 'war.lɛrh ɑ̃n no:s ag 'a.rɔg va 'noz.vɛs #	1	0	0	11_poems_-_A_VIZ_EBREL_E_BARSELONA.txt
P204_11-07	Hag e soñjen , 	Hag e soñjen, 	# ag e 'sõʃ.ɛn #	1	0	0	11_poems_-_A_VIZ_EBREL_E_BARSELONA.txt
P204_11-08	A-raok distreiñ d'am bro yen ha kerseet ,	A-raok distreiñ d’am bro yen ha kerseet,	# 'a.rɔg 'di.strɛj dɑ̃m bro: je:n a kɛr.'se.ɛt #	1	0	0	11_poems_-_A_VIZ_EBREL_E_BARSELONA.txt
P204_11-09	E teufe evit Breizh , evel evit Katalonia ,	E teufe evit Breizh, evel evit Katalonia, 	# e 'tø.fe 'e.vit brɛjs # 'e.vɛl 'e.vit ka.ta.'lõ.nja #	1	0	0	11_poems_-_A_VIZ_EBREL_E_BARSELONA.txt
P204_11-10	An devezh ma savfe ar yaouankiz en o miliadoù ,	An devezh ma savfe ar yaouankiz en o miliadoù,	# ɑ̃n 'de.vez ma 'sav.fe ar jɔ.'wɑ̃ŋ.kiz en o mi.'lja.du #	1	0	0	11_poems_-_A_VIZ_EBREL_E_BARSELONA.txt
P204_11-11	Ganto bannieloù roudennet ivez ,	Ganto bannieloù roudennet ivez,	# 'gɑ̃n.to bɑ̃.'njɛ.lu ru.'dɛ.nɛd 'i.ves #	1	0	0	11_poems_-_A_VIZ_EBREL_E_BARSELONA.txt
P204_11-12	Gwenn-ha-du ,	Gwenn-ha-du,	# gwɛ.'na.dy #	1	0	0	11_poems_-_A_VIZ_EBREL_E_BARSELONA.txt
P204_11-13	Evel ar re-mañ aour ha ruz ,	Evel ar re-mañ aour ha ruz,	# 'e.vɛl ar 're.mɑ̃ ɔwr a ry:s #	1	0	0	11_poems_-_A_VIZ_EBREL_E_BARSELONA.txt
P204_11-14	Er c'horn anezho erminigoù evel kement a steredigoù ,	Er c’horn anezho erminigoù evel kement a steredigoù,	# er xɔrn ɑ̃.'ne.zo ɛr.mi.'nig.u 'e.vɛl 'ke.mɛnd a ste.re.'dig.u #	1	0	0	11_poems_-_A_VIZ_EBREL_E_BARSELONA.txt
P204_11-15	Da youc'hal :	Da youc’hal :	# dɑ 'juh.al #	1	0	0	11_poems_-_A_VIZ_EBREL_E_BARSELONA.txt
P204_11-16	« Dieubidigezh ! »	« Dieubidigezh ! »	# di.ø.bi.'dig.ɛs #	1	0	0	11_poems_-_A_VIZ_EBREL_E_BARSELONA.txt
P204_11-17	Ha da skrivañ en oabl	Ha da skrivañ en oabl	# a dɑ 'skri.vɑ̃ en wapl #	1	0	0	11_poems_-_A_VIZ_EBREL_E_BARSELONA.txt
P204_11-18	A-skrab o ivinoù ,	A-skrab o ivinoù,	# 'a.skrɑp o i.'vi.nu #	1	0	0	11_poems_-_A_VIZ_EBREL_E_BARSELONA.txt
P204_11-19	Pemp roudenn ur vro na dremeno biken .	Pemp roudenn ur vro na dremeno biken.	# pɛm 'ru.dɛn œr vro na dre.'me.no 'bi.kɛn #	1	0	0	11_poems_-_A_VIZ_EBREL_E_BARSELONA.txt
P204_11-20	Ha neuze ,	Ha neuze,	# a 'nø.ze #	1	0	0	11_poems_-_A_VIZ_EBREL_E_BARSELONA.txt
P204_11-21	Marteze ivez ,	Marteze ivez,	# mar.'te.ze 'i.ves #	1	0	0	11_poems_-_A_VIZ_EBREL_E_BARSELONA.txt
P204_11-22	Evel Francesc Macia ,	Evel Francesc Macia,	# 'e.vɛl 'frɑ̃n.sɛsk 'ma.sja #	1	0	0	11_poems_-_A_VIZ_EBREL_E_BARSELONA.txt
P204_11-23	E vin eno en ur framm douget sioul en engroez ,	E vin eno en ur framm douget sioul en engroez,	# e vi:n 'e.no en œr frɑ̃m 'dug.ɛt siwl en 'eŋgr.wes #	1	0	0	11_poems_-_A_VIZ_EBREL_E_BARSELONA.txt
P204_11-24	Hag ez arvestin gant va daoulagad marv 	Hag ez arvestin gant va daoulagad marv 	# ag ez ar.'ve.stin gɑ̃n va dɔw.'lɑg.at 'mɑ.ro #	1	0	0	11_poems_-_A_VIZ_EBREL_E_BARSELONA.txt
P204_11-25	Ouzh dasorc'hidigezh va bro	Ouzh dasorc’hidigezh va bro	# us da.sɔrx.i.'dig.ez va bro: #	1	0	0	11_poems_-_A_VIZ_EBREL_E_BARSELONA.txt
P204_11-26	Hag eus va c'halon ,	Hag eus va c’halon,	# ag øs va 'xɑ.lõn #	1	0	0	11_poems_-_A_VIZ_EBREL_E_BARSELONA.txt
P204_11-27	Folloc'h c'hoazh eget hini Salaün ,	Folloc’h c’hoazh eget hini Salaün,	# 'fɔ.lɔx xwaz 'eg.et 'hi.ni 'sa.laɥn #	1	0	0	11_poems_-_A_VIZ_EBREL_E_BARSELONA.txt
P204_11-28	E tarzho war va bez	E tarzho war va bez	# e 'tar.zo war va be:s #	1	0	0	11_poems_-_A_VIZ_EBREL_E_BARSELONA.txt
P204_11-29	Bleunioù al levenez .	Bleunioù al levenez.	# 'blø.nju al le.'ve.nɛs #	1	0	0	11_poems_-_A_VIZ_EBREL_E_BARSELONA.txt
P204_11-30	mil nav c'hant trizek ha pevar-ugent	1993	# mil naw xɑ̃n 'tri.zeg a pe.va.'ryg.ɛnt #	1	0	0	11_poems_-_A_VIZ_EBREL_E_BARSELONA.txt
P204_11-31	( Al iamm, niverenn daou c'hant tri ha pevar-ugent , mil nav c'hant pevarzek ha pevar-ugent ) 	(AL LIAMM n. 283, 1994, 	# al jɑ̃m # ni.'ve.rɛn dɔw xɑ̃n tri: a pe.va.'ryg.ɛnt # mil naw xɑ̃n pe.'var.zeg a pe.va.'ryg.ɛnt #	1	0	0	11_poems_-_A_VIZ_EBREL_E_BARSELONA.txt
P204_11-32	pajenn naontek ha pevar warn-ugent betek kant pevar )	p. 99 betek 104)	# 'pɑ.ʒɛn 'nɑ̃wn.teg a 'pe.var war.'nyg.ɛn 'be.tek kɑ̃n 'pe.var #	1	0	0	11_poems_-_A_VIZ_EBREL_E_BARSELONA.txt
P204_12-00	PER DENEZ	PER DENEZ	# pe:r 'de.nɛs #	1	0	0	12_poems_-_GLENMOR.txt
P204_12-01	GLENMOR	GLENMOR	# 'glɛn.mor #	1	0	0	12_poems_-_GLENMOR.txt
P204_12-02	Lakaet eo bet ,	Lakaet eo bet,	# 'la.kɛd ɛw bet #	1	0	0	12_poems_-_GLENMOR.txt
P204_12-03	Milig ,	Milig,	# 'mi.lik #	1	0	0	12_poems_-_GLENMOR.txt
P204_12-04	Da gorf skuizh , ha klañv , ha divi ,	Da gorf skuizh, ha klañv, ha divi,	# dɑ gɔrf skɥi:s # a klɑ̃w # a 'di.vi #	1	0	0	12_poems_-_GLENMOR.txt
P204_12-05	Da repoz war askre hor mamm ,	Da repoz war askre hor mamm,	# dɑ 're.pos war 'a.skre ɔr mɑ̃m #	1	0	0	12_poems_-_GLENMOR.txt
P204_12-06	Ar vro he douar klouar .	Ar vro he douar klouar.	# ar vro e 'du.ar 'klu.ar #	1	0	0	12_poems_-_GLENMOR.txt
P204_12-07	Aet out diganeomp ,	Aet out diganeomp,	# ɛ:d ut dig.ɑ̃.'ne.õmp #	1	0	0	12_poems_-_GLENMOR.txt
P204_12-08	Milig ,	Milig,	# 'mi.lik #	1	0	0	12_poems_-_GLENMOR.txt
P204_12-09	E-touez balan hon nevez-hañv .	E-touez balan hon nevez-hañv...	# 'e.twɛs 'bɑ.lɑ̃n õn ne.'vɛ.sɑ̃ #	1	0	0	12_poems_-_GLENMOR.txt
P204_12-10	mil nav c'hant c'hwezek ha pevar-ugent	1996	# mil naw xɑ̃n 'xwe.zeg a pe.va.'ryg.ɛnt #	1	0	0	12_poems_-_GLENMOR.txt
P204_12-11	( Al Liamm niverennoù daou c'hant c'hwezek ha pevar-ugent - daou c'hant seitek ha pevar-ugent , 	(AL LIAMM n. 296-7, 	# al ljɑ̃m ni.ve.'rɛ.nu dɔw xɑ̃n 'xwe.zeg a pe.va.'ryg.ɛnt # dɔw xɑ̃n 'sɛj.teg a pe.va.'ryg.ɛnt #	1	0	0	12_poems_-_GLENMOR.txt
P204_12-12	pajenn kant pemzek ha pevar-ugent)	p. 195)	# 'pɑ.ʒɛn kɑ̃n 'pɛm.zeg a pe.va.'ryg.ɛnt #	1	0	0	12_poems_-_GLENMOR.txt
P204_13-00	PER DENEZ	PER DENEZ	# pe:r 'de.nɛs #	1	0	0	13_poems_-_MEULGAN_D_AN_NEVEZVREZHONEGERIEN.txt
P204_13-01	MEULGAN - D'AN NEVEZVREZHONEGERIEN	MEULGAN - D’AN NEVEZVREZHONEGERIEN 	# 'mølg.ɑ̃n # dɑ̃n ne.vɛz.vre.zõ.neg.'er.jɛn #	1	0	0	13_poems_-_MEULGAN_D_AN_NEVEZVREZHONEGERIEN.txt
P204_13-02	Doujañs am eus ouzhoc'h ,	Doujañs am eus ouzhoc’h,	# 'du.ʒɑ̃z ɑ̃m øz 'u.zɔx #	1	0	0	13_poems_-_MEULGAN_D_AN_NEVEZVREZHONEGERIEN.txt
P204_13-03	paotred ha merc'hed yaouank ,	paotred ha merc’hed yaouank,	# 'pɔ.trɛd a 'mɛrx.ɛd 'jɔ.wɑ̃ŋk #	1	0	0	13_poems_-_MEULGAN_D_AN_NEVEZVREZHONEGERIEN.txt
P204_13-04	merc'hed ha paotred didrouz	merc’hed ha paotred didrouz	# 'mɛrx.ɛd a 'pɔ.trɛd 'di.drus #	1	0	0	13_poems_-_MEULGAN_D_AN_NEVEZVREZHONEGERIEN.txt
P204_13-05	hag a chom da noz da stourm gant un destenn	hag a chom da noz da stourm gant un destenn	# ag a ʃɔm dɑ no:s dɑ sturm gɑ̃n œn 'de.stɛn #	1	0	0	13_poems_-_MEULGAN_D_AN_NEVEZVREZHONEGERIEN.txt
P204_13-06	a-daolioù geriadur	a-daolioù geriadur	# a.'dɔ.lju ger.'jɑ.dyr #	1	0	0	13_poems_-_MEULGAN_D_AN_NEVEZVREZHONEGERIEN.txt
P204_13-07	hag a boagn da enlouc'hañ en hoc'h eñvor	hag a boagn da enlouc’hañ en hoc’h eñvor	# ag a bwɑ̃ɲ dɑ en.'luh.ɑ̃ en oh 'ẽ.vɔr #	1	0	0	13_poems_-_MEULGAN_D_AN_NEVEZVREZHONEGERIEN.txt
P204_13-08	taolenn ar c'hemmadurioù .	taolenn ar c’hemmadurioù.	# 'tɔ.lɛn ar xɛ.ma.'dyr.ju #	1	0	0	13_poems_-_MEULGAN_D_AN_NEVEZVREZHONEGERIEN.txt
P204_13-09	Ganeoc'h an hini eo , emañ 	Ganeoc’h an hini eo, emañ 	# gɑ̃.'ne.ɔh ɑ̃n 'hi.ni ɛw # 'e.mɑ̃ #	1	0	0	13_poems_-_MEULGAN_D_AN_NEVEZVREZHONEGERIEN.txt
P204_13-10	dazont hor yezh .	dazont hor yezh.	# 'dɑ.zõnt ɔr je:s #	1	0	0	13_poems_-_MEULGAN_D_AN_NEVEZVREZHONEGERIEN.txt
P204_13-11	daou vil ( Al Liamm niverenn tri c'hant naontek , pajenn tri )	2000 (AL LIAMM n. 319, p. 3)	# dɔw vi:l # al ljɑ̃m ni.'ve.rɛn tri: xɑ̃n 'nɑ̃wn.tek # 'pɑ.ʒɛn tri: #	1	0	0	13_poems_-_MEULGAN_D_AN_NEVEZVREZHONEGERIEN.txt
P204_14-00	ABANNA , GUY ETIENNE	ABANNA, GUY ETIENNE	# a.'bɑ̃.na # gi 'e.tjɛn #	1	0	1	14_poems_-_D_AN_TAD_A_R_WREZ.txt
P204_14-01	D'an tad ar wrez	D’AN TAD AR WREZ	# dɑ̃n tɑ:d ar wres #	1	0	0	14_poems_-_D_AN_TAD_A_R_WREZ.txt
P204_14-02	Tad ar wrez	Tad ar wrez	# tɑ:d ar wres #	1	0	0	14_poems_-_D_AN_TAD_A_R_WREZ.txt
P204_14-03	a lak da heol da vont war raok	a lak da heol da vont war raok	# a lag dɑ hɛwl dɑ võn war rɔ:k #	1	0	0	14_poems_-_D_AN_TAD_A_R_WREZ.txt
P204_14-04	ha ni oc'h eginañ en e rodenn ,	ha ni oc’h eginañ en e rodenn,	# a ni: ɔh eg.'i.nɑ̃ en e 'ro.dɛn #	1	0	0	14_poems_-_D_AN_TAD_A_R_WREZ.txt
P204_14-05	Tad hon buhez	Tad hon buhez	# tɑ:t õn 'by.ɛs #	1	0	0	14_poems_-_D_AN_TAD_A_R_WREZ.txt
P204_14-06	hag hon anken a vennigez ,	hag hon anken a vennigez,	# ag õn 'ɑ̃ŋ.kɛn a vɛ.'nig.ɛs #	1	0	0	14_poems_-_D_AN_TAD_A_R_WREZ.txt
P204_14-07	ni vev a istribilh ouzh da vennozh da virviken ,	ni vev a istribilh ouzh da vennozh da virviken,	# ni: vew a i.'stri.biʎ us dɑ 'vɛ.nos dɑ vir.'vi.kɛn #	1	0	0	14_poems_-_D_AN_TAD_A_R_WREZ.txt
P204_14-08	Tad an druez ,	Tad an druez,	# tɑ:d ɑ̃n 'dry.ɛs #	1	0	0	14_poems_-_D_AN_TAD_A_R_WREZ.txt
P204_14-09	sell ouzh hon c'horfoù o fallaat er skinoù hañv	sell ouzh hon c’horfoù o fallaat er skinoù hañv	# sɛl us õn 'xɔr.fu o 'fa.lɑd er 'ski.nu hɑ̃: #	1	0	0	14_poems_-_D_AN_TAD_A_R_WREZ.txt
P204_14-10	ha divioc'h hon eneoù ez kwrimennoù .	ha divioc’h hon eneoù ez kwrimennoù.	# a di.'vi.ɔx õn e.'ne.u es gwri.'mɛ.nu #	1	0	0	14_poems_-_D_AN_TAD_A_R_WREZ.txt
P204_14-11	Setu pezh , a lavar dit ar vouezh a roez dimp . 	Setu pezh, a lavar dit ar vouezh a roez dimp. 	# 'se.ty pe:s # a 'lɑ.var di:d ar vwez a 'ro.es dimp #	1	0	0	14_poems_-_D_AN_TAD_A_R_WREZ.txt
P204_14-12	mil nav c'hant seizh ha hanter-kant 	1957	# mil naw xɑ̃n sɛjs a hɑ̃n.'tɛr.kɑ̃nt #	1	0	0	14_poems_-_D_AN_TAD_A_R_WREZ.txt
P204_14-13	( AL LIAMM niverenn pemp ha tri-ugent , pajenn seizh )	 (AL LIAMM n. 65, p. 7)	# al ljɑ̃m ni.'ve.rɛn pɛm a tri.'yg.ɛnt # 'pɑ.ʒɛn sɛjs #	1	0	0	14_poems_-_D_AN_TAD_A_R_WREZ.txt
P204_15-00	ABANNA GUY ETIENNE	ABANNA GUY ETIENNE	# a.'bɑ̃.na gi 'e.tjɛn #	1	0	1	15_poems_-_C_HWEL.txt
P204_15-01	C'HWEL	C’HWEL	# xwe:l #	1	0	0	15_poems_-_C_HWEL.txt
P204_15-02	Derc'hent an deiz m'en doa divizet mont d'an ospital , ha deraouiñ e dremenvan , 	Derc'hent an deiz m'en doa divizet mont d'an ospital, ha deraouiñ e dremenvan, 	# 'dɛrh.ɛnd ɑ̃n dɛjs men dwa di.'vi.zɛt mõn dɑ̃n ɔ.'spi.tal # a de.'rɔ.wi e dre.'mɛn.vɑ̃n #	1	0	0	15_poems_-_C_HWEL.txt
P204_15-03	e kase pajennoù diwezhañ dornskrid ar Geriadur Istorel .	e kase pajennoù diwezhañ dornskrid ar Geriadur Istorel .	# e 'ka.se pɑ.'ʒɛ.nu di.'we.zɑ̃ 'dɔrn.skrid ar ger.'jɑ.dyr i.'sto.rɛl #	1	0	0	15_poems_-_C_HWEL.txt
P204_15-04	Dizoleiñ ar vro goleiñ an divro	Dizoleiñ ar vro goleiñ an divro	# di.'zo.lɛj ar vro 'go.lɛj ɑ̃n 'di.vro #	1	0	0	15_poems_-_C_HWEL.txt
P204_15-05	Ag an deroù e ouzout	Ag an deroù e ouzout	# ag ɑ̃n 'de.ru e 'u.zut #	1	0	1	15_poems_-_C_HWEL.txt
P204_15-06	Ha labourat	 Ha labourat	# a la.'bu.rat #	1	0	0	15_poems_-_C_HWEL.txt
P204_15-07	lakaat da ouel lakaat da c'her	lakaat da ouel lakaat da c’her	# 'la.kɑt dɑ we:l 'la.kɑt dɑ xe:r #	1	0	0	15_poems_-_C_HWEL.txt
P204_15-08	o lestr gortozet pell	o lestr gortozet pell	# o lest gɔr.'to.sɛt pɛl #	1	0	0	15_poems_-_C_HWEL.txt
P204_15-09	hag ar porzh, a sav e dal davedout , a'z anavez 	hag ar porzh, a sav e dal davedout, a’z anavez 	# ag ar pɔrs # a saw e dɑ:l da.'ve.dut # az ɑ̃.'nɑ.vɛz #	1	0	0	15_poems_-_C_HWEL.txt
P204_15-10	hag a ro dit e c'houdor	hag a ro dit e c’houdor	# ag a ro: di:d e 'xu.dɔr #	1	0	0	15_poems_-_C_HWEL.txt
P204_15-11	an dihunvre , a ziraezez , digor war donvor , an dic'her 	an dihunvre, a ziraezez, digor war donvor, an dic’her 	# ɑ̃n dih.'yn.vre # a zi.'rɛ.zɛs # 'dig.ɔr war 'dõn.vor # ɑ̃n 'dih.er #	1	0	0	15_poems_-_C_HWEL.txt
P204_15-12	ken fraezh ha traezh dindan dreid an hañv	ken fraezh ha traezh dindan dreid an hañv	# ken frɛ:s a trɛ:s 'din.dɑ̃n drɛjd ɑ̃n hɑ̃: #	1	0	0	15_poems_-_C_HWEL.txt
P204_15-13	ken esteuzet	ken esteuzet	# ken e.'stø.zɛd #	1	0	0	15_poems_-_C_HWEL.txt
P204_15-14	ma ne fiñv c'hwibuenn en aer	ma ne fiñv c’hwibuenn en aer	# ma ne fĩw xwi.'by.ɛn en ɛ:r #	1	0	0	15_poems_-_C_HWEL.txt
P204_15-15	kuzh	kuzh	# ky:s #	1	0	0	15_poems_-_C_HWEL.txt
P204_15-16	'vel ar gwin dreist-oad a ziskoachis	1978	# vel ar gwi:n 'drɛjs.twad a zi.'skwaʃ.is #	1	0	0	15_poems_-_C_HWEL.txt
P204_15-17	an deiz all e loev teñval va c'hav .	(AL LIAMM n. 190, p. 373)	# ɑ̃n dɛjz al e lwef 'tẽ.val va xaw #	1	0	0	15_poems_-_C_HWEL.txt
P204_15-18	mil nav c'hant triwec'h ha tri-ugent	an deiz all e loev teñval va c’hav.	# mil naw xɑ̃n 'tri.wɛx a tri.'yg.ɛnt #	1	0	1	15_poems_-_C_HWEL.txt
P204_15-19	( AL LIAMM , niverenn kant dek ha pevar-ugent , 	1978 (AL LIAMM n. 190, 	# al ljɑ̃m # ni.'ve.rɛn kɑ̃n deg a pe.va.'ryg.ɛnt #	1	0	0	15_poems_-_C_HWEL.txt
P204_15-20	pajenn tri-c'hant trizek ha tri-ugent )	p. 373)	# 'pɑ.ʒɛn 'trih.ɑ̃n 'tri.zeg a tri.'yg.ɛnt #	1	0	0	15_poems_-_C_HWEL.txt
P204_16-00	GOULC'HEN PENNAOD	GOULVEN PENNAOD	# 'gulx.ɛn 'pɛ.nɔt #	1	0	0	16_poems_-_KENTEL_ZIGERIN_EVIT_AR_BLOAZ_NEVEZ.txt
P204_16-01	KENTEL-ZIGERIN EVIT AR BLOAZ NEVEZ	KENTEL-ZIGERIN EVIT AR BLOAZ NEVEZ	# kɛn.tel.zig.'e.rin 'e.vid ar blwɑ:s 'ne.ves #	1	0	0	16_poems_-_KENTEL_ZIGERIN_EVIT_AR_BLOAZ_NEVEZ.txt
P204_16-02	Ur varzhoneg distroñs a fellfe din skrivañ ,	Ur varzhoneg distroñs a fellfe din skrivañ,	# œr var.'zõ.nɛg 'di.strõz a 'fɛl.fe din 'skri.vɑ̃ #	1	0	0	16_poems_-_KENTEL_ZIGERIN_EVIT_AR_BLOAZ_NEVEZ.txt
P204_16-03	an hevelep a rafe hiziv ur bugel disoursi .	an hevelep a rafe hiziv ur bugel disoursi.	# ɑ̃n he.'ve.leb a 'ra.fe 'hi.ziw œr 'byg.ɛl di.'zur.si #	1	0	0	16_poems_-_KENTEL_ZIGERIN_EVIT_AR_BLOAZ_NEVEZ.txt
P204_16-04	Komz a rafen enni a'r vuhez hag a'n ankou	Komz a rafen enni a’r vuhez hag a’n ankou	# kõmz a 'ra.fɛn 'ɛ.ni ar 'vy.ɛs ag an 'ɑ̃ŋ.ku #	1	0	0	16_poems_-_KENTEL_ZIGERIN_EVIT_AR_BLOAZ_NEVEZ.txt
P204_16-05	gant an eeunded glouar hag ar c'hrizder dichal	gant an eeunded glouar hag ar c’hrizder dichal	# gɑ̃n ɑ̃n e.'øn.dɛt 'glu.ar ag ar 'xriz.dɛr 'diʃ.al #	1	0	0	16_poems_-_KENTEL_ZIGERIN_EVIT_AR_BLOAZ_NEVEZ.txt
P204_16-06	lakaet gant ar bugel o reiñ abeg d'e oberoù .	lakaet gant ar bugel o reiñ abeg d’e oberoù.	# 'la.kɛt gɑ̃n ar 'byg.ɛl o rɛj 'ɑ.bɛk de o.'bɛ.ru #	1	0	0	16_poems_-_KENTEL_ZIGERIN_EVIT_AR_BLOAZ_NEVEZ.txt
P204_16-07	Adkavout ster ar gwir , ha dre'r gwir , ar gened ,	Adkavout ster ar gwir, ha dre’r gwir, ar gened,	# at.'kɑ.vut ste:r ar gwi:r # a drer gwi:r # ar 'ge.nɛt #	1	0	0	16_poems_-_KENTEL_ZIGERIN_EVIT_AR_BLOAZ_NEVEZ.txt
P204_16-08	hogen un hini a wirionez ned eo ket ma frezeg	hogen un hini a wirionez ned eo ket ma frezeg	# 'og.ɛn œn 'hi.ni a wir.'jõ.nɛs ned ɛw ket ma 'fre.zɛk #	1	0	0	16_poems_-_KENTEL_ZIGERIN_EVIT_AR_BLOAZ_NEVEZ.txt
P204_16-09	ha re a c'hevier a ouelier endan ar c'henedus .	ha re a c’hevier a ouelier endan ar c’henedus.	# a re: a 'xe.vjɛr a 'we.ljɛr 'en.dɑ̃n ar xe.'ne.dys #	1	0	0	16_poems_-_KENTEL_ZIGERIN_EVIT_AR_BLOAZ_NEVEZ.txt
P204_16-10	Bugel em eus c'hoariet en donn , o'n em strinkañ daveti ,	Bugel em eus c’hoariet en donn, o’n em strinkañ daveti,	# 'byg.ɛl ɛm øs 'xwar.jɛd en dõnn # on ɛm 'striŋ.kɑ̃ da.'ve.ti #	1	0	0	16_poems_-_KENTEL_ZIGERIN_EVIT_AR_BLOAZ_NEVEZ.txt
P204_16-11	- o , neoazh , pebezh aon am boa ! -	- o, neoazh, pebezh aon am boa ! -	# o # 'ne.wɑs # 'pe.bez ɑ̃wn ɑ̃m 'bo.a #	1	0	0	16_poems_-_KENTEL_ZIGERIN_EVIT_AR_BLOAZ_NEVEZ.txt
P204_16-12	hogen an donn he deus ma amboulet etre he bizied spoum ,	hogen an donn he deus ma amboulet etre he bizied spoum,	# 'og.ɛn ɑ̃n dõnn e døs ma ɑ̃m.'bu.lɛd 'e.tre e bi.'zi.ɛt spum #	1	0	0	16_poems_-_KENTEL_ZIGERIN_EVIT_AR_BLOAZ_NEVEZ.txt
P204_16-13	o tiskouez e venne hi c'hoari gant ur c'hoarier .	o tiskouez e venne hi c’hoari gant ur c’hoarier...	# o 'ti.skwɛz e 'vɛ.ne hi: 'xwɑ.ri gɑ̃n œr xwa.'ri.ɛr #	1	0	0	16_poems_-_KENTEL_ZIGERIN_EVIT_AR_BLOAZ_NEVEZ.txt
P204_16-14	Paotr yaouank e labouris e kêr veur ar reter ,	Paotr yaouank e labouris e kêr veur ar reter,	# pɔtr 'jɔ.wɑ̃ŋg e 'la.burjz e kɛr vør ar 're.tɛr #	1	0	0	16_poems_-_KENTEL_ZIGERIN_EVIT_AR_BLOAZ_NEVEZ.txt
P204_16-15	ha'm nozvezhioù a oa kuñv , a-wechoù , war wele ar serc'h ,	ha’m nozvezhioù a oa kuñv, a-wechoù, war wele ar serc’h,	# ham nɔz.'ve.zju a wa kỹ: # a.'weʃ.u # war 'we.le ar sɛrx #	1	0	0	16_poems_-_KENTEL_ZIGERIN_EVIT_AR_BLOAZ_NEVEZ.txt
P204_16-16	met c'hwerv ivez , gant an holl had kollet en aner .	met c’hwerv ivez, gant an holl had kollet en aner...	# mɛt 'xwɛ.ro 'i.ves # gɑ̃n ɑ̃n ɔl hɑ:t 'kɔ.lɛd en 'ɑ̃.nɛr #	1	0	0	16_poems_-_KENTEL_ZIGERIN_EVIT_AR_BLOAZ_NEVEZ.txt
P204_16-17	Kadour em eus kanet an endervezhioù entanet gant ar fosfor	Kadour em eus kanet an endervezhioù entanet gant ar fosfor	# 'kɑ.dur ɛm øs 'kɑ̃.nɛd ɑ̃n en.dɛr.'ve.zju en.'tɑ̃.nɛt gɑ̃n ar 'fɔ.sfɔr #	1	0	0	16_poems_-_KENTEL_ZIGERIN_EVIT_AR_BLOAZ_NEVEZ.txt
P204_16-18	ha'r gwad o redek fresk diouzh goulioù an enebour .	ha’r gwad o redek fresk diouzh goulioù an enebour.	# har gwɑ:d o 're.dɛk fresg djus gu.'li.u ɑ̃n e.'ne.bur #	1	0	0	16_poems_-_KENTEL_ZIGERIN_EVIT_AR_BLOAZ_NEVEZ.txt
P204_16-19	- Kanañ ne c'hellis ket , avat , marv ma breur	- Kanañ ne c’hellis ket, avat, marv ma breur	# 'kɑ̃.nɑ̃ ne 'xɛ.lis ket # 'a.vat # 'mɑ.ro ma brø:r #	1	0	0	16_poems_-_KENTEL_ZIGERIN_EVIT_AR_BLOAZ_NEVEZ.txt
P204_16-20	nag ar gelienenn c'hlas war e ziweuz skornet .	nag ar gelienenn c’hlas war e ziweuz skornet.	# nag ar ge.'lje.nɛn xlɑz war e 'zi.wøs 'skɔr.nɛt #	1	0	0	16_poems_-_KENTEL_ZIGERIN_EVIT_AR_BLOAZ_NEVEZ.txt
P204_16-21	- Kanañ ne c'hellis ket , avat , ar gagnoù o tagañ , an Nam Youn p'edomp o vennañ puñsañ dour . 	- Kanañ ne c’hellis ket, avat, ar gagnoù o tagañ, an Nam Youn p’edomp o vennañ puñsañ dour... 	# 'kɑ̃.nɑ̃ ne 'xɛ.lis ket # 'a.vat # ar 'gɑ̃ɲ.u o 'tɑg.ɑ̃ # ɑ̃n nɑ̃m jun 'pe.dõmb o 'vɛ.nɑ̃ 'pỹ.sɑ̃ du:r #	1	0	0	16_poems_-_KENTEL_ZIGERIN_EVIT_AR_BLOAZ_NEVEZ.txt
P204_16-22	Mervel ? Perak ?	Mervel ? Perak ?	# 'mɛr.vɛl # 'pe.rɑk #	1	0	0	16_poems_-_KENTEL_ZIGERIN_EVIT_AR_BLOAZ_NEVEZ.txt
P204_16-23	O , ya , me oar ,	O, ya, me oar,	# o # ja # me: wɑ:r #	1	0	0	16_poems_-_KENTEL_ZIGERIN_EVIT_AR_BLOAZ_NEVEZ.txt
P204_16-24	ar vammvro ,	ar vammvro,	# ar 'vɑ̃m.vro #	1	0	0	16_poems_-_KENTEL_ZIGERIN_EVIT_AR_BLOAZ_NEVEZ.txt
P204_16-25	renkad ar gevredigezh ,	 renkad ar gevredigezh,	# 'rẽŋ.kad ar ge.vre.'dig.ɛz #	1	0	0	16_poems_-_KENTEL_ZIGERIN_EVIT_AR_BLOAZ_NEVEZ.txt
P204_16-26	an dizalc'h ?	 an dizalc’h ?	# ɑ̃n 'di.zalx #	1	0	0	16_poems_-_KENTEL_ZIGERIN_EVIT_AR_BLOAZ_NEVEZ.txt
P204_16-27	Hogen , emen emañ ar vammvro , a dalvezfe da lagad unik ... ?	Hogen, emen emañ ar vammvro, a dalvezfe da lagad unik... ?	# 'og.ɛn # 'e.men 'e.mɑ̃ ar 'vɑ̃m.vro # a dal.'ve.sfe dɑ 'lɑg.ad 'y.nik #	1	0	0	16_poems_-_KENTEL_ZIGERIN_EVIT_AR_BLOAZ_NEVEZ.txt
P204_16-28	Ma breur henañ , ma Dazoue , te a reas ur gour ac'hanon .	Ma breur henañ, ma Dazoue, te a reas ur gour ac’hanon.	# ma brø:r 'he.nɑ̃ # ma da.'zu.e # te: a 're.az œr gu:r ah.'ɑ̃.nõn #	1	0	0	16_poems_-_KENTEL_ZIGERIN_EVIT_AR_BLOAZ_NEVEZ.txt
P204_16-29	mil nav c'hant pemp ha hanter-kant	1955	# mil naw xɑ̃n pɛm a hɑ̃n.'tɛr.kɑ̃nt #	1	0	0	16_poems_-_KENTEL_ZIGERIN_EVIT_AR_BLOAZ_NEVEZ.txt
P204_16-30	( Al Liamm niverenn tri ha hanter-kant , pajennoù tri ha pevar )	(AL LIAMM n. 53, p. 3 ha 4)	# al ljɑ̃m ni.'ve.rɛn tri: a hɑ̃n.'tɛr.kɑ̃nt # pɑ.'ʒɛ.nu tri: a 'pe.var #	1	0	0	16_poems_-_KENTEL_ZIGERIN_EVIT_AR_BLOAZ_NEVEZ.txt
P204_16-31	« un hini » ( sic ) : unan	« un hini » (sic) : unan 	# œn 'hi.ni # sik # 'y.nɑ̃n #	1	0	0	16_poems_-_KENTEL_ZIGERIN_EVIT_AR_BLOAZ_NEVEZ.txt
P204_16-32	 ( ha gwelet : M Glanndour : « un hini goant » )	(& gw. M Glanndour : « un hini goant »)	# a 'gwe.lɛt # ɛm 'glɑ̃n.dur # œn 'hi.ni gwɑ̃nt #	1	0	1	16_poems_-_KENTEL_ZIGERIN_EVIT_AR_BLOAZ_NEVEZ.txt
P204_16-33	Nam Youm ( Tonkin Uhel , harzoù Laos )	Nam Youm (Tonkin Uhel, harzoù Laos)	# nɑ̃m jum # 'tõŋ.kin 'y.ɛl # 'har.zu 'la.os #	1	0	1	16_poems_-_KENTEL_ZIGERIN_EVIT_AR_BLOAZ_NEVEZ.txt
P204_17-00	SOAZ KERVAHE ( VEFA DE BELLAIN )	SOAZ KERVAHE (VEFA DE BELLAIN)	# swɑ:s kɛr.'vah.e # 've.fa dœ 'be.lɛ̃ #	1	0	1	17_poems_-_JOA_D_HON_ANAON.txt
P204_17-01	JOA D'HON ANAON	JOA D’HON ANAON	# ʒwɑ: dhõn 'ɑ̃.nɑ̃wn #	1	0	0	17_poems_-_JOA_D_HON_ANAON.txt
P204_17-03	Peogwir e vevont en un endro klouar , hep brouez na kounnar 	Peogwir e vevont en un endro klouar, hep brouez na kounnar 	# 'pɛw.gwir e 've.võnd en œn 'en.dro 'klu.ar # hep 'bru.es na 'ku.nar #	1	0	0	17_poems_-_JOA_D_HON_ANAON.txt
P204_17-04	E lavaront , o deus kavet an douster bevañ .	E lavaront, o deus kavet an douster bevañ. 	# e la.'vɑ.rõnt # o døs 'ka.ved ɑ̃n 'du.stɛr 'be.vɑ̃ #	1	0	0	17_poems_-_JOA_D_HON_ANAON.txt
P204_17-05	Petra 'vern deomp an douster-se ,	Petra ‘vern deomp an douster-se,	# 'pe.tra vɛrn 'de.õmb ɑ̃n 'du.ster.se #	1	0	0	17_poems_-_JOA_D_HON_ANAON.txt
P204_17-06	Pa n'eus tamm ennañ trivliad un ene ?	Pa n’eus tamm ennañ trivliad un ene ?	# pa nøs tɑ̃m 'ɛ.nɑ̃ tri.'vli.ad œn 'e.ne #	1	0	0	17_poems_-_JOA_D_HON_ANAON.txt
P204_17-07	N'hon eus ket ezhomm ni ,	N’hon eus ket ezhomm ni,	# nhõn øs ked 'e.zõm ni: #	1	0	0	17_poems_-_JOA_D_HON_ANAON.txt
P204_17-08	Eus sklaerder mouk ha mougus o stêrioù difiñv , 	Eus sklaerder mouk ha mougus o stêrioù difiñv, 	# øs 'sklɛr.dɛr mug a 'mug.yz o 'stɛr.ju 'di.fĩf #	1	0	0	17_poems_-_JOA_D_HON_ANAON.txt
P204_17-09	P'hon eus ar mor o yudal ,	P’hon eus ar mor o yudal,	# phõn øz ar mo:r o 'jy.dal #	1	0	0	17_poems_-_JOA_D_HON_ANAON.txt
P204_17-10	O ruilhal , o veuziñ ,	O ruilhal, o veuziñ,	# o 'ryʎ.al # o 'vø.zi #	1	0	0	17_poems_-_JOA_D_HON_ANAON.txt
P204_17-11	Frehel ha Beg ar Raz ,	Frehel ha Beg ar Raz,	# 'freh.ɛl a beg ar rɑ:s #	1	0	0	17_poems_-_JOA_D_HON_ANAON.txt
P204_17-12	Ha blaz an holen glas war hor muzelloù !	Ha blaz an holen glas war hor muzelloù !	# a blɑ:z ɑ̃n 'ho.lɛn glɑ:s war ɔr my.'zɛ.lu #	1	0	0	17_poems_-_JOA_D_HON_ANAON.txt
P204_17-13	O c'hestell gwenn lorc'hus , a zo evel skrinoù goullo ; 	O c’hestell gwenn lorc’hus, a zo evel skrinoù goullo ; 	# o 'xe.stɛl gwɛn 'lɔrx.ys # a zo 'e.vɛl 'skri.nu 'gu.lo #	1	0	0	17_poems_-_JOA_D_HON_ANAON.txt
P204_17-14	Hon tiez deomp-ni , e greunvaen , a zo leun gant c'hoarzh hor bugale ! 	Hon tiez deomp-ni, e greunvaen, a zo leun gant c’hoarzh hor bugale ! 	# õn 'ti.ɛs 'dewm.ni # e 'grøn.vẽn # a zo lø:n gɑ̃n xwars ɔr byg.'ɑ.le #	1	0	0	17_poems_-_JOA_D_HON_ANAON.txt
P204_17-15	O bannieloù giz kozh n'int mui nemet roudoù un amzer dremenet 	O bannieloù giz kozh n’int mui nemet roudoù un amzer dremenet 	# o bɑ̃.'njɛ.lu gi:s kos nin mɥi: 'ne.met 'ru.du œn 'ɑ̃m.zɛr dre.'me.nɛt #	1	0	0	17_poems_-_JOA_D_HON_ANAON.txt
P204_17-16	Hini Breizh 'zo gantañ livioù kañv ha klod ,	Hini Breizh ‘zo gantañ livioù kañv ha klod,	# 'hi.ni zo 'gɑ̃n.tɑ̃ 'liw.ju kɑ̃w a klo:t #	1	0	0	17_poems_-_JOA_D_HON_ANAON.txt
P204_17-17	Klod d'hor stourmerien fuzuilhet , ugent vloaz 'zo , 	Klod d’hor stourmerien fuzuilhet, ugent vloaz ‘zo, 	# klo:t dhor stur.'mer.jɛn fy.'zyʎ.ɛt # 'yg.ɛn zo #	1	0	0	17_poems_-_JOA_D_HON_ANAON.txt
P204_17-18	En o daoulagad diougan ar frankiz !	En o daoulagad diougan ar frankiz !	# en o dɔw.'lɑg.at 'djug.ɑ̃n ar 'frɑ̃ŋ.kis #	1	0	0	17_poems_-_JOA_D_HON_ANAON.txt
P204_17-19	Ne fell ket deomp bezañ stag ouzh an douster-se .	Ne fell ket deomp bezañ stag ouzh an douster-se.	# ne fɛl ket 'de.õm 'be.zɑ̃ stɑ:g uz ɑ̃n 'du.ster.se #	1	0	0	17_poems_-_JOA_D_HON_ANAON.txt
P204_17-20	Ezhomm hon eus eus krizder ha feulsder ,	Ezhomm hon eus eus krizder ha feulsder,	# 'e.zõm õn øz øs 'kriz.dɛr a 'følz.dɛr #	1	0	0	17_poems_-_JOA_D_HON_ANAON.txt
P204_17-21	Eus gwad ruz , eus dispac'h .	 Eus gwad ruz, eus dispac’h.	# øs gwɑ:t ry:s # øs 'di.spax #	1	0	0	17_poems_-_JOA_D_HON_ANAON.txt
P204_17-22	Ha joa d'hon Anaon ,	 Ha joa d’hon Anaon,	# a ʒwɑ: dhõn 'ɑ̃.nɑ̃wn #	1	0	0	17_poems_-_JOA_D_HON_ANAON.txt
P204_17-23	D'ar re a varvo	 D’ar re a varvo	# dar re: a 'var.vo #	1	0	0	17_poems_-_JOA_D_HON_ANAON.txt
P204_17-24	'Vit dieubiñ ar Vro !	 ‘Vit dieubiñ ar Vro !	# vit di.'ø.bi ar vro #	1	0	0	17_poems_-_JOA_D_HON_ANAON.txt
P204_17-25	Chenonceaux , 	Chenonceaux, 	# ʃø.'nõ.so #	1	0	1	17_poems_-_JOA_D_HON_ANAON.txt
P204_17-26	Gwengolo mil nav c'hant nav ha tri-ugent	Gwengolo 1969	# gwɛng.'o.lo mil naw xɑ̃n naw a tri.'yg.ɛnt #	1	0	0	17_poems_-_JOA_D_HON_ANAON.txt
P204_17-27	 ( AL LIAMM , niverenn kant seizh ha tregont ,	 (AL LIAMM n. 137 , 	# al ljɑ̃m # ni.'ve.rɛn kɑ̃n sɛjs a 'treg.õnt #	1	0	0	17_poems_-_JOA_D_HON_ANAON.txt
P204_17-28	pajennoù tri c'hant unnek ha pevar-ugent , tri-c'hant daouzek ha pevar-ugent )	p. 391-392) 	# pɑ.'ʒɛ.nu tri: xɑ̃nd 'œ.neg a pe.va.'ryg.ɛnt # 'trih.ɑ̃n 'dɔw.zeg a pe.va.'ryg.ɛnt #	1	0	0	17_poems_-_JOA_D_HON_ANAON.txt
P204_18-00	BENEAD ( MADALEN SAINT-GAL DE PONS )	BENEAD (MADALEN SAINT-GAL DE PONS) 	# be.'ne.at # ma.'dɑ.lɛn 'sɛ̃g.al dœ põns #	1	0	1	18_poems_-_FROUESHA.txt
P204_18-01	FROUESHA	FROUESHA	# 'frwe.sa #	1	0	0	18_poems_-_FROUESHA.txt
P204_18-02	Deus , va Soazig vihan : da flamboesa ez eomp .	Deus, va Soazig vihan : da flamboesa ez eomp.	# døs # va 'swɑ.zik 'vih.ɑ̃n # dɑ flɑ̃m.'bwe.sa ez ewmp #	1	0	0	18_poems_-_FROUESHA.txt
P204_18-03	Tomm-grizias e vo hepdale ; na lezomp ket da sec'hañ , ar boulloùigoù bresk , 	Tomm-grizias e vo hepdale ; na lezomp ket da sec’hañ, ar boulloùigoù bresk, 	# tɔmg.'ri.zjaz e vo heb.'dɑ.le # na 'le.sõm ket dɑ 'seh.ɑ̃ # ar bu.lu.'ig.u bresk #	1	0	0	18_poems_-_FROUESHA.txt
P204_18-04	Saourek ha kuñv-voulouz , goloet gant delioù , evel bragerizoù ruz . 	Saourek ha kuñv-voulouz, goloet gant delioù, evel bragerizoù ruz. 	# 'sɔw.rɛg a kỹv.'vu.lus # go.'lo.ɛt gɑ̃n 'de.lju # 'e.vɛl brag.e.'ri.zu ry:s #	1	0	0	18_poems_-_FROUESHA.txt
P204_18-05	Dinijal a ra mouilc'hi ha golveni . Ne chom nemet ar gwenan .	Dinijal a ra mouilc’hi ha golveni. Ne chom nemet ar gwenan.	# di.'ni.ʒal a ra 'mwilx.i a gɔl.'ve.ni # ne ʃɔm 'ne.med ar 'gwe.nɑ̃n #	1	0	0	18_poems_-_FROUESHA.txt
P204_18-06	Ne chom nemet da zornig o kutuilh , da fri e-sav o fronellañ	Ne chom nemet da zornig o kutuilh, da fri e-sav o fronellañ	# ne ʃɔm 'ne.met dɑ 'zɔr.nig o 'ky.tyʎ # dɑ fri: 'e.saw o frõ.'nɛ.lɑ̃ #	1	0	0	18_poems_-_FROUESHA.txt
P204_18-07	c'hwez ar frouezh .	 c’hwez ar frouezh.	# xwe:z ar frwe:s #	1	0	0	18_poems_-_FROUESHA.txt
P204_18-08	Diaes e vo leuniañ ar baner , p'emañ em c'hichen ar genaouig-se , digor .	Diaes e vo leuniañ ar baner, p’emañ em c’hichen ar genaouig-se, digor.	# 'di.ɛz e vo 'lø.njɑ̃ ar 'bɑ̃.nɛr # 'pe.mɑ̃ ɛm 'xiʃ.ɛn ar ge.'nɔ.wig.se # 'dig.ɔr #	1	0	0	18_poems_-_FROUESHA.txt
P204_18-09	N'eus forzh . Livet eo da ziweuz gant ar sev limestra .	N’eus forzh. Livet eo da ziweuz gant ar sev limestra.	# nøs fɔrs # 'li.vɛd ɛw dɑ 'zi.wøs gɑ̃n ar sɛw li.'mɛ.stra #	1	0	0	18_poems_-_FROUESHA.txt
P204_18-10	Holl levenez ar bed a sked ez taoulagad .	Holl levenez ar bed a sked ez taoulagad.	# ɔl le.'ve.nɛz ar be:d a ske:d es tɔw.'lɑg.ɑt #	1	0	0	18_poems_-_FROUESHA.txt
P204_18-11	mil nac c'hant daou ha daou-ugent	1942	# mil nak xɑ̃n dɔw a dɔ.'wyg.ɛnt #	1	0	0	18_poems_-_FROUESHA.txt
P204_19-00	BENEAD ( MADALEN SAINT-GAL DE PONS )	BENEAD (MADALEN SAINT-GAL DE PONS)	# be.'ne.at # ma.'dɑ.lɛn 'sɛ̃g.al dœ põns #	1	0	1	19_poems_-_AR_JENTILEZ.txt
P204_19-01	AR JENTILEZ	AR JENTILEZ	# ar ʒɛn.'ti.lɛs #	1	0	0	19_poems_-_AR_JENTILEZ.txt
P204_19-02	daou	II	# dɔw #	1	0	0	19_poems_-_AR_JENTILEZ.txt
P204_19-03	War skramm gwenn-erc'h an dremmwel ,	War skramm gwenn-erc’h an dremmwel,	# war skrɑ̃m 'gwɛ.nɛrh ɑ̃n 'drɛ.mwɛl #	1	0	0	19_poems_-_AR_JENTILEZ.txt
P204_19-04	O sentiñ ouzh galvadenn ar gorventenn ,	O sentiñ ouzh galvadenn ar gorventenn,	# o 'sɛn.ti us gal.'vɑ.dɛn ar gɔr.'vɛn.tɛn #	1	0	0	19_poems_-_AR_JENTILEZ.txt
P204_19-05	Gwazi gouez a vagadoù .	Gwazi gouez a vagadoù.	# 'gwɑ.zi gwe:z a vag.'ɑ.du #	1	0	0	19_poems_-_AR_JENTILEZ.txt
P204_19-06	War skramm ruz-tan an dremmwel ,	War skramm ruz-tan an dremmwel,	# war skrɑ̃m 'ryz.tɑ̃n ɑ̃n 'drɛ.mwɛl #	1	0	0	19_poems_-_AR_JENTILEZ.txt
P204_19-07	Inizi gouez a vagadoù ,	Inizi gouez a vagadoù,	# i.'ni.zi gwe:z a vag.'ɑ.du #	1	0	0	19_poems_-_AR_JENTILEZ.txt
P204_19-08	O tibradañ diouzh an douar bras	O tibradañ diouzh an douar bras	# o ti.'brɑ.dɑ̃ djuz ɑ̃n 'du.ar brɑ:s #	1	0	0	19_poems_-_AR_JENTILEZ.txt
P204_19-09	Da vont gant al lano davet pok an donvor .	Da vont gant al lano davet pok an donvor.	# dɑ võn gɑ̃n al 'lɑ̃.no 'da.vet pog ɑ̃n 'dõn.vor #	1	0	0	19_poems_-_AR_JENTILEZ.txt
P204_19-10	War skramm teñval an dremmwel ,	War skramm teñval an dremmwel,	# war skrɑ̃m 'tẽ.val ɑ̃n 'drɛ.mwɛl #	1	0	0	19_poems_-_AR_JENTILEZ.txt
P204_19-11	Va soñjoù gouez a vagadoù ,	Va soñjoù gouez a vagadoù,	# va 'sõ.ʒu gwe:z a vag.'ɑ.du #	1	0	0	19_poems_-_AR_JENTILEZ.txt
P204_19-12	O diwaskell torret dezho gant an avel .	O diwaskell torret dezho gant an avel...	# o di.'wa.skɛl 'tɔ.rɛt 'de.zo gɑ̃n ɑ̃n 'ɑ.vɛl #	1	0	0	19_poems_-_AR_JENTILEZ.txt
P204_19-13	Ha me , n'hellfen biken , a Gariad ,	Ha me, n’hellfen biken, a Gariad,	# a me: # 'nhɛl.fɛn 'bi.kɛn # a 'gar.jat #	1	0	0	19_poems_-_AR_JENTILEZ.txt
P204_19-14	Skeiñ a lazh-korf war-du ennout ?	1963 (AL LIAMM n. 96, p. 3)	# skɛj a 'la.skɔrf 'war.dy 'ɛ.nut #	1	0	0	19_poems_-_AR_JENTILEZ.txt
P204_19-15	mil nav c'hant tri ha tri-ugent 	(AL LIAMM n. 96, p. 3)	# mil naw xɑ̃n tri: a tri.'yg.ɛnt #	1	0	0	19_poems_-_AR_JENTILEZ.txt
P204_19-16	( AL LIAMM , niverenn c'hwezek ha pevar-ugent, pajenn tri )	1963 (AL LIAMM n. 96, p. 3)	# al ljɑ̃m # ni.'ve.rɛn 'xwe.zeg a pe.va.'ryg.ɛnt # 'pɑ.ʒɛn tri: #	1	0	0	19_poems_-_AR_JENTILEZ.txt
P204_20-0	BENEAD ( MADALEN SAINT-GAL DE PONS )	BENEAD (MADALEN SAINT-GAL DE PONS)	# be.'ne.at # ma.'dɑ.lɛn 'sɛ̃g.al dœ põns #	1	0	1	20_poems_-_BENEAD.txt
P204_20-1	N'eo ket 'vel ul laer dic'hortoz , e teuï davedon , Aotroù , 	N’eo ket ‘vel ul laer dic’hortoz, e teuï davedon, Aotroù, 	# new vel œl lɛ:r dih.'ɔr.tos # e 'tø.i da.'ve.dõn # 'ɔ.tru #	1	0	0	20_poems_-_BENEAD.txt
P204_20-2	Da droc'hañ neud va gwiadenn .	Da droc’hañ neud va gwiadenn.	# dɑ 'droh.ɑ̃ nø:t va gwi.'ɑ.dɛn #	1	0	0	20_poems_-_BENEAD.txt
P204_20-3	Keid-all emañ ouzh da c'hedal	Keid-all emañ ouzh da c’hedal	# 'kɛj.dal 'e.mɑ̃ us dɑ 'xe.dal #	1	0	0	20_poems_-_BENEAD.txt
P204_20-4	Da vatezh skuizh ha didalvez :	Da vatezh skuizh ha didalvez :	# dɑ 'va.tɛs skɥi:s a di.'dal.vɛs #	1	0	0	20_poems_-_BENEAD.txt
P204_20-5	Kariad , dibradomp fenoz .	Kariad, dibradomp fenoz...	# 'kar.jat # di.'brɑ.dõm 'fe.nos #	1	0	0	20_poems_-_BENEAD.txt
P204_20-6	mil nav c'hant naontek ha tri-ugent	1979	# mil naw xɑ̃n 'nɑ̃wn.teg a tri.'yg.ɛnt #	1	0	0	20_poems_-_BENEAD.txt
P204_20-7	( AL LIAMM , niverennoù daou c'hant pevar ha pevar-ugent , daou c'hant pemp ha pevar-ugent , 	(AL LIAMM n. 284-5,	# al ljɑ̃m # ni.ve.'rɛ.nu dɔw xɑ̃n 'pe.var a pe.va.'ryg.ɛnt # dɔw xɑ̃n pɛm a pe.va.'ryg.ɛnt #	1	0	0	20_poems_-_BENEAD.txt
P204_20-8	pajenn daou c'hant unan warn-ugent )	 p. 221) 	# 'pɑ.ʒɛn dɔw xɑ̃nd 'y.nɑ̃n war.'nyg.ɛnt #	1	0	0	20_poems_-_BENEAD.txt
P204_21-00	R. GARGADENNEC	R GARGADENNEC	# ɛr # garg.a.'dɛ.nɛk #	1	0	0	21_poems_-_KAN_AN_DIVROIDI.txt
P204_21-01	KAN AN DIVROIDI	KAN AN DIVROIDI	# kɑ̃:n ɑ̃n di.vro.'i.di #	1	0	0	21_poems_-_KAN_AN_DIVROIDI.txt
P204_21-02	Siwazh dit , paotr Breizh-Izel ,	Siwazh dit, paotr Breizh-Izel,	# 'si.was di:t # pɔtr brɛj.'zi.zɛl #	1	0	0	21_poems_-_KAN_AN_DIVROIDI.txt
P204_21-03	Perak out bet kondaonet da guitaat , da zilezel , an ti e p'lec'h 'mout ganet 	Perak out bet kondaonet da guitaat, da zilezel, an ti e p’lec’h ‘mout ganet 	# 'pe.rɑg ut bet kõn.'dɑ̃w.nɛt dɑ 'gɥi.tɑt # dɑ zi.'le.zɛl # ɑ̃n ti: e mud 'gɑ̃.nɛt #	1	0	0	21_poems_-_KAN_AN_DIVROIDI.txt
P204_21-04	Da vont kuit pell eus ar Vro , evit gounit da vuhez ?	Da vont kuit pell eus ar Vro, evit gounit da vuhez ? 	# dɑ võn kɥit pɛl øz ar vro # 'e.vit 'gu.nit dɑ 'vy.ɛs #	1	0	0	21_poems_-_KAN_AN_DIVROIDI.txt
P204_21-05	N'dalvez ket mui poaniañ	N’dalvez ket mui poaniañ	# 'ndal.vɛs ket mɥi: 'pwɑ̃.njɑ̃ #	1	0	0	21_poems_-_KAN_AN_DIVROIDI.txt
P204_21-06	Nag e kêr na war ar maez	Nag e kêr na war ar maez	# nag e kɛr na war ar mɛ:s #	1	0	0	21_poems_-_KAN_AN_DIVROIDI.txt
P204_21-07	Pep ti-feurm aet da netra	Pep ti-feurm aet da netra	# pep 'ti.fœrm ɛ:t dɑ 'ne.trɑ #	1	0	0	21_poems_-_KAN_AN_DIVROIDI.txt
P204_21-08	Uzin ebet e kostez , 'vit kaout arc'hant da vevañ 	Uzin ebet e kostez, ‘vit kaout arc’hant da vevañ 	# 'y.zin 'e.bed e 'ko.stɛs # vit kɔwd 'arx.ɑ̃n dɑ 've.vɑ̃ #	1	0	0	21_poems_-_KAN_AN_DIVROIDI.txt
P204_21-09	Ranket 't eus mont alese .	Ranket ‘t eus mont alese.	# 'rɑ̃ŋ.kɛt d øs mõnd a.'le.se #	1	0	0	21_poems_-_KAN_AN_DIVROIDI.txt
P204_21-10	Ha bremañ 'mout e Pariz	Ha bremañ ‘mout e Pariz	# a mud e 'pɑ.ris #	1	0	0	21_poems_-_KAN_AN_DIVROIDI.txt
P204_21-11	Pe 'touez ar Ganadianed	Pe ‘touez ar Ganadianed	# pe 'tu.ɛz ar gɑ̃.na.'djɑ̃.nɛt #	1	0	0	21_poems_-_KAN_AN_DIVROIDI.txt
P204_21-12	Ar re zu , ar Japaniz, pe an Amerikaned	Ar re zu, ar Japaniz, pe an Amerikaned 	# ar re: zy # ar ʒa.'pɑ̃.nis # pe ɑ̃n ɑ̃.me.ri.'kɑ̃.nɛt #	1	0	0	21_poems_-_KAN_AN_DIVROIDI.txt
P204_21-13	Padal pell eus ar Vreizhiz	Padal pell eus ar Vreizhiz	# 'pa.dɑl pɛl øz ar 'vrɛj.zis #	1	0	0	21_poems_-_KAN_AN_DIVROIDI.txt
P204_21-14	N'out ket eürus koulskoude !	N’out ket eürus koulskoude !	# nut ked 'ɛɥ.rys kul.'sku.de #	1	0	0	21_poems_-_KAN_AN_DIVROIDI.txt
P204_21-15	Marteze out pinvidik	Marteze out pinvidik	# mar.'te.ze ut pin.'vi.dik #	1	0	0	21_poems_-_KAN_AN_DIVROIDI.txt
P204_21-16	Rak labour a't eus kavet	Rak labour a’t eus kavet	# rag 'lɑ.bur ad øs 'ka.vet #	1	0	0	21_poems_-_KAN_AN_DIVROIDI.txt
P204_21-17	Met e-kreiz an Amerik , da galon a chom rannet .	Met e-kreiz an Amerik, da galon a chom rannet. 	# mɛd 'e.krɛjz ɑ̃n ɑ̃.'me.rik # dɑ 'gɑ.lõn a ʃɔm 'rɑ̃.nɛt #	1	0	0	21_poems_-_KAN_AN_DIVROIDI.txt
P204_21-18	N'eo ket posupl dit Breizhad	N’eo ket posupl dit Breizhad	# new ket 'po.syb di:t 'brɛj.zat #	1	0	0	21_poems_-_KAN_AN_DIVROIDI.txt
P204_21-19	Da ankounat da gavell .	Da ankounat da gavell.	# dɑ ɑ̃ŋ.'ku.nat dɑ 'gɑ.vɛl #	1	0	0	21_poems_-_KAN_AN_DIVROIDI.txt
P204_21-20	Breur , mar fell dit-te distreiñ	Breur, mar fell dit-te distreiñ	# brø:r # mɑ:r fɛl 'dit.te 'di.strɛj #	1	0	0	21_poems_-_KAN_AN_DIVROIDI.txt
P204_21-21	Ret e vo dit da gentañ	Ret e vo dit da gentañ	# red e vo di:t dɑ 'gɛn.tɑ̃ #	1	0	0	21_poems_-_KAN_AN_DIVROIDI.txt
P204_21-22	Kemer kalon ha kaout fei	Kemer kalon ha kaout fei	# 'ke.mɛr 'kɑ.lõn a kɔwt fɛj #	1	0	0	21_poems_-_KAN_AN_DIVROIDI.txt
P204_21-23	Ha gant ar re all 'n em vodañ	Ha gant ar re all ‘n em vodañ	# a gɑ̃n ar re: n ɛm 'vo.dɑ̃ #	1	0	0	21_poems_-_KAN_AN_DIVROIDI.txt
P204_21-24	Ober dorn da saveteiñ , da vro diskaret bremañ . 	Ober dorn da saveteiñ, da vro diskaret bremañ. 	# 'o.bɛr dɔrn dɑ sa.ve.'te.i # dɑ vro: di.'skɑ.rɛd 'bre.mɑ̃ #	1	0	0	21_poems_-_KAN_AN_DIVROIDI.txt
P204_21-25	Bretoned a gement bro	Bretoned a gement bro	# bre.'tõ.nɛd a 'ge.mɛn bro: #	1	0	0	21_poems_-_KAN_AN_DIVROIDI.txt
P204_21-26	Labouromp holl asambles	Labouromp holl asambles	# la.'bu.rõm ɔl a.'sɑ̃m.blɛs #	1	0	0	21_poems_-_KAN_AN_DIVROIDI.txt
P204_21-27	Ha bewech ma kavimp tro	Ha bewech ma kavimp tro	# a 'be.weʃ ma 'ka.vim tro: #	1	0	0	21_poems_-_KAN_AN_DIVROIDI.txt
P204_21-28	Skoazellomp a-ziavaez	Skoazellomp a-ziavaez	# skwa.'zɛ.lõmb a.zi.'a.vɛs #	1	0	0	21_poems_-_KAN_AN_DIVROIDI.txt
P204_21-29	Rak poent eo sevel ar Vro	Rak poent eo sevel ar Vro	# rak pwɛnd ɛw 'se.vɛl ar vro #	1	0	0	21_poems_-_KAN_AN_DIVROIDI.txt
P204_21-30	Adsevel ur Vreizh nevez !	Adsevel ur Vreizh nevez !	# a.'tse.vɛl œr vrɛjs 'ne.ves #	1	0	0	21_poems_-_KAN_AN_DIVROIDI.txt
P204_21-31	mil nav c'hant unnek ha tri-ugent	1971	# mil naw xɑ̃nd 'œ.neg a tri.'yg.ɛnt #	1	0	0	21_poems_-_KAN_AN_DIVROIDI.txt
P204_21-32	( pajennoù kant daou ha tri-ugent ha kant tri ha tri-ugent )	(p. 162 ha 3)	# pɑ.'ʒɛ.nu kɑ̃n dɔw a tri.'yg.ɛnt a kɑ̃n tri: a tri.'yg.ɛnt #	1	0	0	21_poems_-_KAN_AN_DIVROIDI.txt
P204_22-00	PERIG KERAOD ( Pierre Géraud )	Perig Keraod (Pierre Géraud)	# 'pe.rik 'ke.rɔt # pjɛr 'ʒe.ro #	1	0	1	22_poems_-_KAN_AR_GEDOUR.txt
P204_22-01	KAN AR GEDOUR	Kan ar gedour	# kɑ̃:n ar 'ge.dur #	1	0	0	22_poems_-_KAN_AR_GEDOUR.txt
P204_22-02	An heol a guzh war ar bed kozh	An heol a guzh war ar bed kozh	# ɑ̃n hɛwl a gy:s war ar be:t kos #	1	0	0	22_poems_-_KAN_AR_GEDOUR.txt
P204_22-03	Roz an tantad a varv en noz . . .	Roz an tantad a varv en noz…	# ro:z ɑ̃n 'tɑ̃n.tad a 'wɑ.ro en no:s #	1	0	0	22_poems_-_KAN_AR_GEDOUR.txt
P204_22-04	Da ziwall mat rozenn hor Bro ,	Da ziwall mat rozenn hor Bro,	# dɑ 'zi.wal mɑ:t 'ro.zɛn ɔr bro: #	1	0	0	22_poems_-_KAN_AR_GEDOUR.txt
P204_22-05	Ni Bleizi mor 'chomomp tro dro . . .	Ni Bleizi mor ‘chomomp tro dro…	# ni: 'blɛj.zi 'ʃõ.mõm tro: dro: #	1	0	0	22_poems_-_KAN_AR_GEDOUR.txt
P204_22-06	SKED , mil nav c'hant nav ha daou-ugent	SKED, 1949	# ske:t # mil naw xɑ̃n naw a dɔ.'wyg.ɛnt #	1	0	0	22_poems_-_KAN_AR_GEDOUR.txt
P204_23-00	PER AR SAOZ	PER AR SAOZ	# pe:r ar so:s #	1	0	0	23_poems_-_AR_C_HOAD.txt
P204_23-01	AR C'HOAD	AR C’HOAD	# ar xwat #	1	0	0	23_poems_-_AR_C_HOAD.txt
P204_23-02	Me zo me ar c'hoad bras a anavit marse !	Me zo me ar c’hoad bras a anavit marse !	# me: zo me: ar xwad brɑ:z a ɑ̃.'nɑ.vid 'mar.se #	1	0	0	23_poems_-_AR_C_HOAD.txt
P204_23-03	Oadet on , oadet bras met yaouank on ive	Oadet on, oadet bras met yaouank on ive	# 'wɑ.dɛd õn # 'wɑ.dɛt brɑ:s mɛd 'jɔ.wɑ̃ŋg õn 'i.ve #	1	0	0	23_poems_-_AR_C_HOAD.txt
P204_23-04	Rak gwez tener a gresk stank war ma bevennoù	Rak gwez tener a gresk stank war ma bevennoù	# rag gwe:s 'te.nɛr a gresk stɑ̃ŋg war ma be.'vɛ.nu #	1	0	0	23_poems_-_AR_C_HOAD.txt
P204_23-05	Ha ne vo ket warc'hoazh e welin an Ankou .	Ha ne vo ket warc’hoazh e welin an Ankou.	# a ne vo ket 'warx.waz e 'we.lin ɑ̃n 'ɑ̃ŋ.ku #	1	0	0	23_poems_-_AR_C_HOAD.txt
P204_23-06	Me zo me ar c'hoad bras a zeleer kavet	Me zo me ar c’hoad bras a zeleer kavet	# me: zo me: ar xwad brɑ:z a se.'le.ɛr 'ka.vet #	1	0	0	23_poems_-_AR_C_HOAD.txt
P204_23-07	Vit ma vo koc'hadenn tan flamm war bep oaled ,	Vit ma vo koc’hadenn tan flamm war bep oaled,	# vit ma vo koh.'ɑ.dɛn tɑ̃:n flɑ̃m war beb 'wɑ.lɛt #	1	0	0	23_poems_-_AR_C_HOAD.txt
P204_23-08	Un daol endro dezhi tud o kemer predoù	Un daol endro dezhi tud o kemer predoù	# œn dɔl 'en.dro 'de.zi ty:d o 'ke.mɛr 'pre.du #	1	0	0	23_poems_-_AR_C_HOAD.txt
P204_23-09	Hag ivez gweleoù vit tremen an nozioù .	Hag ivez gweleoù vit tremen an nozioù.	# ag 'i.ves gwe.'le.u vit 'tre.mɛn ɑ̃n 'no.zju #	1	0	0	23_poems_-_AR_C_HOAD.txt
P204_23-10	Me zo me ar c'hoad bras ma vo 'hed ar bloazioù	Me zo me ar c’hoad bras ma vo ‘hed ar bloazioù	# me: zo me: ar xwad brɑ:s ma hed ar 'blwɑ.zju #	1	0	0	23_poems_-_AR_C_HOAD.txt
P204_23-11	Dour sklaer er feunteunioù ha dour-red er goazhioù ,	Dour sklaer er feunteunioù ha dour-red er goazhioù,	# du:r sklɛ:r er føn.'tø.nju a 'du.red er 'gwa.zju #	1	0	0	23_poems_-_AR_C_HOAD.txt
P204_23-12	Aer yac'hus vit an dud a-ziwar ar maezioù	Aer yac’hus vit an dud a-ziwar ar maezioù	# ɛ:r 'jah.ys vid ɑ̃n dyd a.'zi.war ar 'mɛ.zju #	1	0	0	23_poems_-_AR_C_HOAD.txt
P204_23-13	Hag ur waskedenn glouar evit re ar c'hêrioù .	Hag ur waskedenn glouar evit re ar c’hêrioù.	# ag œr wa.'ske.dɛn 'glu.ar 'e.vit re: ar 'xɛr.ju #	1	0	0	23_poems_-_AR_C_HOAD.txt
P204_23-14	Me zo me ar c'hoad bras ha me strew ma frondoù ,	Me zo me ar c’hoad bras ha me strew ma frondoù,	# me: zo me: ar xwad brɑ:s a me: strɛw ma 'frõn.du #	1	0	0	23_poems_-_AR_C_HOAD.txt
P204_23-15	Dindan c'hwezh an avel , gwelit ma houlennoù ,	Dindan c’hwezh an avel, gwelit ma houlennoù,	# 'din.dɑ̃n xwez ɑ̃n 'ɑ.vɛl # 'gwe.lid ma hu.'lɛ.nu #	1	0	0	23_poems_-_AR_C_HOAD.txt
P204_23-16	Me gan ha me ziskan gwell evit an delenn ;	Me gan ha me ziskan gwell evit an delenn ;	# me: gɑ̃:n a me: 'zi.skɑ̃n gwɛl 'e.vid ɑ̃n 'de.lɛn #	1	0	0	23_poems_-_AR_C_HOAD.txt
P204_23-17	Da Zoue eo ma c'hanenn , da vab-den ma sonenn .	Da Zoue eo ma c’hanenn, da vab-den ma sonenn.	# dɑ 'zu.e ɛw ma 'xɑ̃.nɛn # dɑ 'vab.den ma 'sõ.nɛn #	1	0	0	23_poems_-_AR_C_HOAD.txt
P204_23-18	Ez on vel un iliz gant pilerioù uhel	Ez on vel un iliz gant pilerioù uhel	# ez õn vel œn 'i.lis gɑ̃n pi.'lɛr.ju 'y.ɛl #	1	0	0	23_poems_-_AR_C_HOAD.txt
P204_23-19	A sav trema an neñv dindan bolz glas ma deil .	A sav trema an neñv dindan bolz glas ma deil.	# a saw 'tre.ma ɑ̃n nẽ: 'din.dɑ̃n bɔls glɑ:s ma dɛjl #	1	0	0	23_poems_-_AR_C_HOAD.txt
P204_23-20	Ur sioulded hep par ganin a vez kavet	Ur sioulded hep par ganin a vez kavet	# œr 'siwl.dɛt hep pɑ:r 'gɑ̃.nin a ve:s 'ka.vet #	1	0	0	23_poems_-_AR_C_HOAD.txt
P204_23-21	Hag ar bedenn a nij trema kroueour ar bed .	Hag ar bedenn a nij trema kroueour ar bed.	# ag ar 'be.dɛn a ni:ʃ 'tre.ma 'kru.ewr ar be:t #	1	0	0	23_poems_-_AR_C_HOAD.txt
P204_23-22	Me zo me ar c'hoad bras ledet war un dorgenn ,	Me zo me ar c’hoad bras ledet war un dorgenn,	# me: zo me: ar xwad brɑ:s 'le.dɛd war œn 'dɔrg.ɛn #	1	0	0	23_poems_-_AR_C_HOAD.txt
P204_23-23	Lec'h karet gant ar barzh a gav ganin awen ,	Lec’h karet gant ar barzh a gav ganin awen,	# lɛx 'kɑ.ret gɑ̃n ar barz a gav 'gɑ̃.nin 'a.wɛn #	1	0	0	23_poems_-_AR_C_HOAD.txt
P204_23-24	Repu an huñvreour en e soñjoù kollet ,	Repu an huñvreour en e soñjoù kollet,	# 're.py ɑ̃n 'hỹ.vrewr en e 'sõ.ʒu 'kɔ.lɛt #	1	0	0	23_poems_-_AR_C_HOAD.txt
P204_23-25	Darempred an den fur ha braventez ar bed .	Darempred an den fur ha braventez ar bed.	# da.'rɛm.prɛd ɑ̃n de:n fy:r a bra.'vɛn.tɛz ar be:t #	1	0	0	23_poems_-_AR_C_HOAD.txt
P204_23-26	mil nav c'hant unan ha tri-ugent	1961	# mil naw xɑ̃nd 'y.nɑ̃n a tri.'yg.ɛnt #	1	0	0	23_poems_-_AR_C_HOAD.txt
P204_23-27	( AL LIAMM niverenn pevar ha pevar-ugent , pajenn unnek )	(AL LIAMM n. 84, p. 11)	# al ljɑ̃m ni.'ve.rɛn 'pe.var a pe.va.'ryg.ɛnt # 'pɑ.ʒɛn 'œ.nek #	1	0	0	23_poems_-_AR_C_HOAD.txt
